Stage,Family,k,Consensus,Classifier,n_feats,missing,Accuracy,Sensitivity,Specificity,AUC,SourceFile,Status
Stage I,Clustering,,intersection,KNN,0,,,,,,stagewise_consensus\Consensus_Clustering_Stage_I_intersection.csv,empty_list
Stage I,Clustering,,majority,KNN,594,0.0,0.47,0.615,0.375,0.495,stagewise_consensus\Consensus_Clustering_Stage_I_majority.csv,ok
Stage I,DeepLearning,top10,intersection,KNN,0,,,,,,stagewise_consensus\Consensus_DeepLearning_top10_Stage_I_intersection.csv,empty_list
Stage I,DeepLearning,top10,majority,KNN,1,0.0,0.583,0.038,0.938,0.475,stagewise_consensus\Consensus_DeepLearning_top10_Stage_I_majority.csv,ok
Stage I,DeepLearning,top15,intersection,KNN,0,,,,,,stagewise_consensus\Consensus_DeepLearning_top15_Stage_I_intersection.csv,empty_list
Stage I,DeepLearning,top15,majority,KNN,2,0.0,0.523,0.154,0.762,0.449,stagewise_consensus\Consensus_DeepLearning_top15_Stage_I_majority.csv,ok
Stage I,DeepLearning,top5,intersection,KNN,0,,,,,,stagewise_consensus\Consensus_DeepLearning_top5_Stage_I_intersection.csv,empty_list
Stage I,DeepLearning,top5,majority,KNN,0,,,,,,stagewise_consensus\Consensus_DeepLearning_top5_Stage_I_majority.csv,empty_list
Stage I,Traditional,top10,intersection,KNN,0,,,,,,stagewise_consensus\Consensus_Traditional_top10_Stage_I_intersection.csv,empty_list
Stage I,Traditional,top10,majority,KNN,6,0.0,0.53,0.327,0.662,0.465,stagewise_consensus\Consensus_Traditional_top10_Stage_I_majority.csv,ok
Stage I,Traditional,top15,intersection,KNN,0,,,,,,stagewise_consensus\Consensus_Traditional_top15_Stage_I_intersection.csv,empty_list
Stage I,Traditional,top15,majority,KNN,8,0.0,0.523,0.288,0.675,0.481,stagewise_consensus\Consensus_Traditional_top15_Stage_I_majority.csv,ok
Stage I,Traditional,top5,intersection,KNN,0,,,,,,stagewise_consensus\Consensus_Traditional_top5_Stage_I_intersection.csv,empty_list
Stage I,Traditional,top5,majority,KNN,4,0.0,0.523,0.346,0.638,0.518,stagewise_consensus\Consensus_Traditional_top5_Stage_I_majority.csv,ok
Stage I,Clustering,,intersection,LR,0,,,,,,stagewise_consensus\Consensus_Clustering_Stage_I_intersection.csv,empty_list
Stage I,Clustering,,majority,LR,594,0.0,0.598,0.423,0.712,0.569,stagewise_consensus\Consensus_Clustering_Stage_I_majority.csv,ok
Stage I,DeepLearning,top10,intersection,LR,0,,,,,,stagewise_consensus\Consensus_DeepLearning_top10_Stage_I_intersection.csv,empty_list
Stage I,DeepLearning,top10,majority,LR,1,0.0,0.424,0.808,0.175,0.49,stagewise_consensus\Consensus_DeepLearning_top10_Stage_I_majority.csv,ok
Stage I,DeepLearning,top15,intersection,LR,0,,,,,,stagewise_consensus\Consensus_DeepLearning_top15_Stage_I_intersection.csv,empty_list
Stage I,DeepLearning,top15,majority,LR,2,0.0,0.492,0.615,0.412,0.472,stagewise_consensus\Consensus_DeepLearning_top15_Stage_I_majority.csv,ok
Stage I,DeepLearning,top5,intersection,LR,0,,,,,,stagewise_consensus\Consensus_DeepLearning_top5_Stage_I_intersection.csv,empty_list
Stage I,DeepLearning,top5,majority,LR,0,,,,,,stagewise_consensus\Consensus_DeepLearning_top5_Stage_I_majority.csv,empty_list
Stage I,Traditional,top10,intersection,LR,0,,,,,,stagewise_consensus\Consensus_Traditional_top10_Stage_I_intersection.csv,empty_list
Stage I,Traditional,top10,majority,LR,6,0.0,0.538,0.538,0.538,0.539,stagewise_consensus\Consensus_Traditional_top10_Stage_I_majority.csv,ok
Stage I,Traditional,top15,intersection,LR,0,,,,,,stagewise_consensus\Consensus_Traditional_top15_Stage_I_intersection.csv,empty_list
Stage I,Traditional,top15,majority,LR,8,0.0,0.53,0.481,0.562,0.526,stagewise_consensus\Consensus_Traditional_top15_Stage_I_majority.csv,ok
Stage I,Traditional,top5,intersection,LR,0,,,,,,stagewise_consensus\Consensus_Traditional_top5_Stage_I_intersection.csv,empty_list
Stage I,Traditional,top5,majority,LR,4,0.0,0.568,0.462,0.638,0.541,stagewise_consensus\Consensus_Traditional_top5_Stage_I_majority.csv,ok
Stage I,Clustering,,intersection,RF,0,,,,,,stagewise_consensus\Consensus_Clustering_Stage_I_intersection.csv,empty_list
Stage I,Clustering,,majority,RF,594,0.0,0.598,0.096,0.925,0.493,stagewise_consensus\Consensus_Clustering_Stage_I_majority.csv,ok
Stage I,DeepLearning,top10,intersection,RF,0,,,,,,stagewise_consensus\Consensus_DeepLearning_top10_Stage_I_intersection.csv,empty_list
Stage I,DeepLearning,top10,majority,RF,1,0.0,0.394,0.885,0.075,0.473,stagewise_consensus\Consensus_DeepLearning_top10_Stage_I_majority.csv,ok
Stage I,DeepLearning,top15,intersection,RF,0,,,,,,stagewise_consensus\Consensus_DeepLearning_top15_Stage_I_intersection.csv,empty_list
Stage I,DeepLearning,top15,majority,RF,2,0.0,0.523,0.25,0.7,0.44,stagewise_consensus\Consensus_DeepLearning_top15_Stage_I_majority.csv,ok
Stage I,DeepLearning,top5,intersection,RF,0,,,,,,stagewise_consensus\Consensus_DeepLearning_top5_Stage_I_intersection.csv,empty_list
Stage I,DeepLearning,top5,majority,RF,0,,,,,,stagewise_consensus\Consensus_DeepLearning_top5_Stage_I_majority.csv,empty_list
Stage I,Traditional,top10,intersection,RF,0,,,,,,stagewise_consensus\Consensus_Traditional_top10_Stage_I_intersection.csv,empty_list
Stage I,Traditional,top10,majority,RF,6,0.0,0.545,0.365,0.662,0.524,stagewise_consensus\Consensus_Traditional_top10_Stage_I_majority.csv,ok
Stage I,Traditional,top15,intersection,RF,0,,,,,,stagewise_consensus\Consensus_Traditional_top15_Stage_I_intersection.csv,empty_list
Stage I,Traditional,top15,majority,RF,8,0.0,0.53,0.385,0.625,0.524,stagewise_consensus\Consensus_Traditional_top15_Stage_I_majority.csv,ok
Stage I,Traditional,top5,intersection,RF,0,,,,,,stagewise_consensus\Consensus_Traditional_top5_Stage_I_intersection.csv,empty_list
Stage I,Traditional,top5,majority,RF,4,0.0,0.538,0.385,0.638,0.536,stagewise_consensus\Consensus_Traditional_top5_Stage_I_majority.csv,ok
Stage I,Clustering,,intersection,SVM-linear,0,,,,,,stagewise_consensus\Consensus_Clustering_Stage_I_intersection.csv,empty_list
Stage I,Clustering,,majority,SVM-linear,594,0.0,0.515,0.346,0.625,0.453,stagewise_consensus\Consensus_Clustering_Stage_I_majority.csv,ok
Stage I,DeepLearning,top10,intersection,SVM-linear,0,,,,,,stagewise_consensus\Consensus_DeepLearning_top10_Stage_I_intersection.csv,empty_list
Stage I,DeepLearning,top10,majority,SVM-linear,1,0.0,0.402,0.923,0.062,0.51,stagewise_consensus\Consensus_DeepLearning_top10_Stage_I_majority.csv,ok
Stage I,DeepLearning,top15,intersection,SVM-linear,0,,,,,,stagewise_consensus\Consensus_DeepLearning_top15_Stage_I_intersection.csv,empty_list
Stage I,DeepLearning,top15,majority,SVM-linear,2,0.0,0.386,0.865,0.075,0.525,stagewise_consensus\Consensus_DeepLearning_top15_Stage_I_majority.csv,ok
Stage I,DeepLearning,top5,intersection,SVM-linear,0,,,,,,stagewise_consensus\Consensus_DeepLearning_top5_Stage_I_intersection.csv,empty_list
Stage I,DeepLearning,top5,majority,SVM-linear,0,,,,,,stagewise_consensus\Consensus_DeepLearning_top5_Stage_I_majority.csv,empty_list
Stage I,Traditional,top10,intersection,SVM-linear,0,,,,,,stagewise_consensus\Consensus_Traditional_top10_Stage_I_intersection.csv,empty_list
Stage I,Traditional,top10,majority,SVM-linear,6,0.0,0.553,0.5,0.588,0.545,stagewise_consensus\Consensus_Traditional_top10_Stage_I_majority.csv,ok
Stage I,Traditional,top15,intersection,SVM-linear,0,,,,,,stagewise_consensus\Consensus_Traditional_top15_Stage_I_intersection.csv,empty_list
Stage I,Traditional,top15,majority,SVM-linear,8,0.0,0.523,0.481,0.55,0.535,stagewise_consensus\Consensus_Traditional_top15_Stage_I_majority.csv,ok
Stage I,Traditional,top5,intersection,SVM-linear,0,,,,,,stagewise_consensus\Consensus_Traditional_top5_Stage_I_intersection.csv,empty_list
Stage I,Traditional,top5,majority,SVM-linear,4,0.0,0.614,0.404,0.75,0.538,stagewise_consensus\Consensus_Traditional_top5_Stage_I_majority.csv,ok
Stage II,Clustering,,intersection,KNN,0,,,,,,stagewise_consensus\Consensus_Clustering_Stage_II_intersection.csv,empty_list
Stage II,Clustering,,majority,KNN,98,0.0,0.636,0.831,0.2,0.558,stagewise_consensus\Consensus_Clustering_Stage_II_majority.csv,ok
Stage II,DeepLearning,top10,intersection,KNN,0,,,,,,stagewise_consensus\Consensus_DeepLearning_top10_Stage_II_intersection.csv,empty_list
Stage II,DeepLearning,top10,majority,KNN,0,,,,,,stagewise_consensus\Consensus_DeepLearning_top10_Stage_II_majority.csv,empty_list
Stage II,DeepLearning,top15,intersection,KNN,0,,,,,,stagewise_consensus\Consensus_DeepLearning_top15_Stage_II_intersection.csv,empty_list
Stage II,DeepLearning,top15,majority,KNN,1,0.0,0.663,0.921,0.088,0.544,stagewise_consensus\Consensus_DeepLearning_top15_Stage_II_majority.csv,ok
Stage II,DeepLearning,top5,intersection,KNN,0,,,,,,stagewise_consensus\Consensus_DeepLearning_top5_Stage_II_intersection.csv,empty_list
Stage II,DeepLearning,top5,majority,KNN,0,,,,,,stagewise_consensus\Consensus_DeepLearning_top5_Stage_II_majority.csv,empty_list
Stage II,Traditional,top10,intersection,KNN,0,,,,,,stagewise_consensus\Consensus_Traditional_top10_Stage_II_intersection.csv,empty_list
Stage II,Traditional,top10,majority,KNN,6,0.0,0.609,0.82,0.138,0.482,stagewise_consensus\Consensus_Traditional_top10_Stage_II_majority.csv,ok
Stage II,Traditional,top15,intersection,KNN,0,,,,,,stagewise_consensus\Consensus_Traditional_top15_Stage_II_intersection.csv,empty_list
Stage II,Traditional,top15,majority,KNN,9,0.0,0.628,0.843,0.15,0.45,stagewise_consensus\Consensus_Traditional_top15_Stage_II_majority.csv,ok
Stage II,Traditional,top5,intersection,KNN,0,,,,,,stagewise_consensus\Consensus_Traditional_top5_Stage_II_intersection.csv,empty_list
Stage II,Traditional,top5,majority,KNN,3,0.0,0.62,0.86,0.088,0.437,stagewise_consensus\Consensus_Traditional_top5_Stage_II_majority.csv,ok
Stage II,Clustering,,intersection,LR,0,,,,,,stagewise_consensus\Consensus_Clustering_Stage_II_intersection.csv,empty_list
Stage II,Clustering,,majority,LR,98,0.0,0.554,0.59,0.475,0.55,stagewise_consensus\Consensus_Clustering_Stage_II_majority.csv,ok
Stage II,DeepLearning,top10,intersection,LR,0,,,,,,stagewise_consensus\Consensus_DeepLearning_top10_Stage_II_intersection.csv,empty_list
Stage II,DeepLearning,top10,majority,LR,0,,,,,,stagewise_consensus\Consensus_DeepLearning_top10_Stage_II_majority.csv,empty_list
Stage II,DeepLearning,top15,intersection,LR,0,,,,,,stagewise_consensus\Consensus_DeepLearning_top15_Stage_II_intersection.csv,empty_list
Stage II,DeepLearning,top15,majority,LR,1,0.0,0.585,0.685,0.362,0.516,stagewise_consensus\Consensus_DeepLearning_top15_Stage_II_majority.csv,ok
Stage II,DeepLearning,top5,intersection,LR,0,,,,,,stagewise_consensus\Consensus_DeepLearning_top5_Stage_II_intersection.csv,empty_list
Stage II,DeepLearning,top5,majority,LR,0,,,,,,stagewise_consensus\Consensus_DeepLearning_top5_Stage_II_majority.csv,empty_list
Stage II,Traditional,top10,intersection,LR,0,,,,,,stagewise_consensus\Consensus_Traditional_top10_Stage_II_intersection.csv,empty_list
Stage II,Traditional,top10,majority,LR,6,0.0,0.562,0.68,0.3,0.518,stagewise_consensus\Consensus_Traditional_top10_Stage_II_majority.csv,ok
Stage II,Traditional,top15,intersection,LR,0,,,,,,stagewise_consensus\Consensus_Traditional_top15_Stage_II_intersection.csv,empty_list
Stage II,Traditional,top15,majority,LR,9,0.0,0.55,0.657,0.312,0.524,stagewise_consensus\Consensus_Traditional_top15_Stage_II_majority.csv,ok
Stage II,Traditional,top5,intersection,LR,0,,,,,,stagewise_consensus\Consensus_Traditional_top5_Stage_II_intersection.csv,empty_list
Stage II,Traditional,top5,majority,LR,3,0.0,0.597,0.742,0.275,0.53,stagewise_consensus\Consensus_Traditional_top5_Stage_II_majority.csv,ok
Stage II,Clustering,,intersection,RF,0,,,,,,stagewise_consensus\Consensus_Clustering_Stage_II_intersection.csv,empty_list
Stage II,Clustering,,majority,RF,98,0.0,0.674,0.978,0.0,0.489,stagewise_consensus\Consensus_Clustering_Stage_II_majority.csv,ok
Stage II,DeepLearning,top10,intersection,RF,0,,,,,,stagewise_consensus\Consensus_DeepLearning_top10_Stage_II_intersection.csv,empty_list
Stage II,DeepLearning,top10,majority,RF,0,,,,,,stagewise_consensus\Consensus_DeepLearning_top10_Stage_II_majority.csv,empty_list
Stage II,DeepLearning,top15,intersection,RF,0,,,,,,stagewise_consensus\Consensus_DeepLearning_top15_Stage_II_intersection.csv,empty_list
Stage II,DeepLearning,top15,majority,RF,1,0.0,0.407,0.264,0.725,0.514,stagewise_consensus\Consensus_DeepLearning_top15_Stage_II_majority.csv,ok
Stage II,DeepLearning,top5,intersection,RF,0,,,,,,stagewise_consensus\Consensus_DeepLearning_top5_Stage_II_intersection.csv,empty_list
Stage II,DeepLearning,top5,majority,RF,0,,,,,,stagewise_consensus\Consensus_DeepLearning_top5_Stage_II_majority.csv,empty_list
Stage II,Traditional,top10,intersection,RF,0,,,,,,stagewise_consensus\Consensus_Traditional_top10_Stage_II_intersection.csv,empty_list
Stage II,Traditional,top10,majority,RF,6,0.0,0.628,0.86,0.112,0.431,stagewise_consensus\Consensus_Traditional_top10_Stage_II_majority.csv,ok
Stage II,Traditional,top15,intersection,RF,0,,,,,,stagewise_consensus\Consensus_Traditional_top15_Stage_II_intersection.csv,empty_list
Stage II,Traditional,top15,majority,RF,9,0.0,0.628,0.854,0.125,0.458,stagewise_consensus\Consensus_Traditional_top15_Stage_II_majority.csv,ok
Stage II,Traditional,top5,intersection,RF,0,,,,,,stagewise_consensus\Consensus_Traditional_top5_Stage_II_intersection.csv,empty_list
Stage II,Traditional,top5,majority,RF,3,0.0,0.632,0.876,0.088,0.416,stagewise_consensus\Consensus_Traditional_top5_Stage_II_majority.csv,ok
Stage II,Clustering,,intersection,SVM-linear,0,,,,,,stagewise_consensus\Consensus_Clustering_Stage_II_intersection.csv,empty_list
Stage II,Clustering,,majority,SVM-linear,98,0.0,0.558,0.584,0.5,0.464,stagewise_consensus\Consensus_Clustering_Stage_II_majority.csv,ok
Stage II,DeepLearning,top10,intersection,SVM-linear,0,,,,,,stagewise_consensus\Consensus_DeepLearning_top10_Stage_II_intersection.csv,empty_list
Stage II,DeepLearning,top10,majority,SVM-linear,0,,,,,,stagewise_consensus\Consensus_DeepLearning_top10_Stage_II_majority.csv,empty_list
Stage II,DeepLearning,top15,intersection,SVM-linear,0,,,,,,stagewise_consensus\Consensus_DeepLearning_top15_Stage_II_intersection.csv,empty_list
Stage II,DeepLearning,top15,majority,SVM-linear,1,0.0,0.667,0.955,0.025,0.484,stagewise_consensus\Consensus_DeepLearning_top15_Stage_II_majority.csv,ok
Stage II,DeepLearning,top5,intersection,SVM-linear,0,,,,,,stagewise_consensus\Consensus_DeepLearning_top5_Stage_II_intersection.csv,empty_list
Stage II,DeepLearning,top5,majority,SVM-linear,0,,,,,,stagewise_consensus\Consensus_DeepLearning_top5_Stage_II_majority.csv,empty_list
Stage II,Traditional,top10,intersection,SVM-linear,0,,,,,,stagewise_consensus\Consensus_Traditional_top10_Stage_II_intersection.csv,empty_list
Stage II,Traditional,top10,majority,SVM-linear,6,0.0,0.593,0.764,0.212,0.517,stagewise_consensus\Consensus_Traditional_top10_Stage_II_majority.csv,ok
Stage II,Traditional,top15,intersection,SVM-linear,0,,,,,,stagewise_consensus\Consensus_Traditional_top15_Stage_II_intersection.csv,empty_list
Stage II,Traditional,top15,majority,SVM-linear,9,0.0,0.609,0.787,0.212,0.51,stagewise_consensus\Consensus_Traditional_top15_Stage_II_majority.csv,ok
Stage II,Traditional,top5,intersection,SVM-linear,0,,,,,,stagewise_consensus\Consensus_Traditional_top5_Stage_II_intersection.csv,empty_list
Stage II,Traditional,top5,majority,SVM-linear,3,0.0,0.64,0.86,0.15,0.531,stagewise_consensus\Consensus_Traditional_top5_Stage_II_majority.csv,ok
Stage III,Clustering,,intersection,KNN,0,,,,,,stagewise_consensus\Consensus_Clustering_Stage_III_intersection.csv,empty_list
Stage III,Clustering,,majority,KNN,600,0.0,0.602,0.458,0.688,0.576,stagewise_consensus\Consensus_Clustering_Stage_III_majority.csv,ok
Stage III,DeepLearning,top10,intersection,KNN,0,,,,,,stagewise_consensus\Consensus_DeepLearning_top10_Stage_III_intersection.csv,empty_list
Stage III,DeepLearning,top10,majority,KNN,0,,,,,,stagewise_consensus\Consensus_DeepLearning_top10_Stage_III_majority.csv,empty_list
Stage III,DeepLearning,top15,intersection,KNN,0,,,,,,stagewise_consensus\Consensus_DeepLearning_top15_Stage_III_intersection.csv,empty_list
Stage III,DeepLearning,top15,majority,KNN,0,,,,,,stagewise_consensus\Consensus_DeepLearning_top15_Stage_III_majority.csv,empty_list
Stage III,DeepLearning,top5,intersection,KNN,0,,,,,,stagewise_consensus\Consensus_DeepLearning_top5_Stage_III_intersection.csv,empty_list
Stage III,DeepLearning,top5,majority,KNN,0,,,,,,stagewise_consensus\Consensus_DeepLearning_top5_Stage_III_majority.csv,empty_list
Stage III,Traditional,top10,intersection,KNN,0,,,,,,stagewise_consensus\Consensus_Traditional_top10_Stage_III_intersection.csv,empty_list
Stage III,Traditional,top10,majority,KNN,7,0.0,0.555,0.188,0.775,0.492,stagewise_consensus\Consensus_Traditional_top10_Stage_III_majority.csv,ok
Stage III,Traditional,top15,intersection,KNN,0,,,,,,stagewise_consensus\Consensus_Traditional_top15_Stage_III_intersection.csv,empty_list
Stage III,Traditional,top15,majority,KNN,9,0.0,0.531,0.188,0.738,0.424,stagewise_consensus\Consensus_Traditional_top15_Stage_III_majority.csv,ok
Stage III,Traditional,top5,intersection,KNN,0,,,,,,stagewise_consensus\Consensus_Traditional_top5_Stage_III_intersection.csv,empty_list
Stage III,Traditional,top5,majority,KNN,2,0.0,0.555,0.104,0.825,0.433,stagewise_consensus\Consensus_Traditional_top5_Stage_III_majority.csv,ok
Stage III,Clustering,,intersection,LR,0,,,,,,stagewise_consensus\Consensus_Clustering_Stage_III_intersection.csv,empty_list
Stage III,Clustering,,majority,LR,600,0.0,0.484,0.333,0.575,0.465,stagewise_consensus\Consensus_Clustering_Stage_III_majority.csv,ok
Stage III,DeepLearning,top10,intersection,LR,0,,,,,,stagewise_consensus\Consensus_DeepLearning_top10_Stage_III_intersection.csv,empty_list
Stage III,DeepLearning,top10,majority,LR,0,,,,,,stagewise_consensus\Consensus_DeepLearning_top10_Stage_III_majority.csv,empty_list
Stage III,DeepLearning,top15,intersection,LR,0,,,,,,stagewise_consensus\Consensus_DeepLearning_top15_Stage_III_intersection.csv,empty_list
Stage III,DeepLearning,top15,majority,LR,0,,,,,,stagewise_consensus\Consensus_DeepLearning_top15_Stage_III_majority.csv,empty_list
Stage III,DeepLearning,top5,intersection,LR,0,,,,,,stagewise_consensus\Consensus_DeepLearning_top5_Stage_III_intersection.csv,empty_list
Stage III,DeepLearning,top5,majority,LR,0,,,,,,stagewise_consensus\Consensus_DeepLearning_top5_Stage_III_majority.csv,empty_list
Stage III,Traditional,top10,intersection,LR,0,,,,,,stagewise_consensus\Consensus_Traditional_top10_Stage_III_intersection.csv,empty_list
Stage III,Traditional,top10,majority,LR,7,0.0,0.5,0.312,0.612,0.463,stagewise_consensus\Consensus_Traditional_top10_Stage_III_majority.csv,ok
Stage III,Traditional,top15,intersection,LR,0,,,,,,stagewise_consensus\Consensus_Traditional_top15_Stage_III_intersection.csv,empty_list
Stage III,Traditional,top15,majority,LR,9,0.0,0.5,0.292,0.625,0.445,stagewise_consensus\Consensus_Traditional_top15_Stage_III_majority.csv,ok
Stage III,Traditional,top5,intersection,LR,0,,,,,,stagewise_consensus\Consensus_Traditional_top5_Stage_III_intersection.csv,empty_list
Stage III,Traditional,top5,majority,LR,2,0.0,0.508,0.25,0.662,0.453,stagewise_consensus\Consensus_Traditional_top5_Stage_III_majority.csv,ok
Stage III,Clustering,,intersection,RF,0,,,,,,stagewise_consensus\Consensus_Clustering_Stage_III_intersection.csv,empty_list
Stage III,Clustering,,majority,RF,600,0.0,0.617,0.083,0.938,0.471,stagewise_consensus\Consensus_Clustering_Stage_III_majority.csv,ok
Stage III,DeepLearning,top10,intersection,RF,0,,,,,,stagewise_consensus\Consensus_DeepLearning_top10_Stage_III_intersection.csv,empty_list
Stage III,DeepLearning,top10,majority,RF,0,,,,,,stagewise_consensus\Consensus_DeepLearning_top10_Stage_III_majority.csv,empty_list
Stage III,DeepLearning,top15,intersection,RF,0,,,,,,stagewise_consensus\Consensus_DeepLearning_top15_Stage_III_intersection.csv,empty_list
Stage III,DeepLearning,top15,majority,RF,0,,,,,,stagewise_consensus\Consensus_DeepLearning_top15_Stage_III_majority.csv,empty_list
Stage III,DeepLearning,top5,intersection,RF,0,,,,,,stagewise_consensus\Consensus_DeepLearning_top5_Stage_III_intersection.csv,empty_list
Stage III,DeepLearning,top5,majority,RF,0,,,,,,stagewise_consensus\Consensus_DeepLearning_top5_Stage_III_majority.csv,empty_list
Stage III,Traditional,top10,intersection,RF,0,,,,,,stagewise_consensus\Consensus_Traditional_top10_Stage_III_intersection.csv,empty_list
Stage III,Traditional,top10,majority,RF,7,0.0,0.586,0.208,0.812,0.578,stagewise_consensus\Consensus_Traditional_top10_Stage_III_majority.csv,ok
Stage III,Traditional,top15,intersection,RF,0,,,,,,stagewise_consensus\Consensus_Traditional_top15_Stage_III_intersection.csv,empty_list
Stage III,Traditional,top15,majority,RF,9,0.0,0.594,0.25,0.8,0.544,stagewise_consensus\Consensus_Traditional_top15_Stage_III_majority.csv,ok
Stage III,Traditional,top5,intersection,RF,0,,,,,,stagewise_consensus\Consensus_Traditional_top5_Stage_III_intersection.csv,empty_list
Stage III,Traditional,top5,majority,RF,2,0.0,0.539,0.083,0.812,0.47,stagewise_consensus\Consensus_Traditional_top5_Stage_III_majority.csv,ok
Stage III,Clustering,,intersection,SVM-linear,0,,,,,,stagewise_consensus\Consensus_Clustering_Stage_III_intersection.csv,empty_list
Stage III,Clustering,,majority,SVM-linear,600,0.0,0.508,0.354,0.6,0.496,stagewise_consensus\Consensus_Clustering_Stage_III_majority.csv,ok
Stage III,DeepLearning,top10,intersection,SVM-linear,0,,,,,,stagewise_consensus\Consensus_DeepLearning_top10_Stage_III_intersection.csv,empty_list
Stage III,DeepLearning,top10,majority,SVM-linear,0,,,,,,stagewise_consensus\Consensus_DeepLearning_top10_Stage_III_majority.csv,empty_list
Stage III,DeepLearning,top15,intersection,SVM-linear,0,,,,,,stagewise_consensus\Consensus_DeepLearning_top15_Stage_III_intersection.csv,empty_list
Stage III,DeepLearning,top15,majority,SVM-linear,0,,,,,,stagewise_consensus\Consensus_DeepLearning_top15_Stage_III_majority.csv,empty_list
Stage III,DeepLearning,top5,intersection,SVM-linear,0,,,,,,stagewise_consensus\Consensus_DeepLearning_top5_Stage_III_intersection.csv,empty_list
Stage III,DeepLearning,top5,majority,SVM-linear,0,,,,,,stagewise_consensus\Consensus_DeepLearning_top5_Stage_III_majority.csv,empty_list
Stage III,Traditional,top10,intersection,SVM-linear,0,,,,,,stagewise_consensus\Consensus_Traditional_top10_Stage_III_intersection.csv,empty_list
Stage III,Traditional,top10,majority,SVM-linear,7,0.0,0.492,0.208,0.662,0.459,stagewise_consensus\Consensus_Traditional_top10_Stage_III_majority.csv,ok
Stage III,Traditional,top15,intersection,SVM-linear,0,,,,,,stagewise_consensus\Consensus_Traditional_top15_Stage_III_intersection.csv,empty_list
Stage III,Traditional,top15,majority,SVM-linear,9,0.0,0.484,0.229,0.638,0.453,stagewise_consensus\Consensus_Traditional_top15_Stage_III_majority.csv,ok
Stage III,Traditional,top5,intersection,SVM-linear,0,,,,,,stagewise_consensus\Consensus_Traditional_top5_Stage_III_intersection.csv,empty_list
Stage III,Traditional,top5,majority,SVM-linear,2,0.0,0.547,0.167,0.775,0.453,stagewise_consensus\Consensus_Traditional_top5_Stage_III_majority.csv,ok
Stage IV,Clustering,,intersection,KNN,0,,,,,,stagewise_consensus\Consensus_Clustering_Stage_IV_intersection.csv,empty_list
Stage IV,Clustering,,majority,KNN,89,0.0,0.943,0.0,0.996,0.451,stagewise_consensus\Consensus_Clustering_Stage_IV_majority.csv,ok_cv5_low_n
Stage IV,DeepLearning,top10,intersection,KNN,0,,,,,,stagewise_consensus\Consensus_DeepLearning_top10_Stage_IV_intersection.csv,empty_list
Stage IV,DeepLearning,top10,majority,KNN,1,0.0,0.936,0.067,0.985,0.354,stagewise_consensus\Consensus_DeepLearning_top10_Stage_IV_majority.csv,ok_cv5_low_n
Stage IV,DeepLearning,top15,intersection,KNN,0,,,,,,stagewise_consensus\Consensus_DeepLearning_top15_Stage_IV_intersection.csv,empty_list
Stage IV,DeepLearning,top15,majority,KNN,1,0.0,0.936,0.067,0.985,0.354,stagewise_consensus\Consensus_DeepLearning_top15_Stage_IV_majority.csv,ok_cv5_low_n
Stage IV,DeepLearning,top5,intersection,KNN,0,,,,,,stagewise_consensus\Consensus_DeepLearning_top5_Stage_IV_intersection.csv,empty_list
Stage IV,DeepLearning,top5,majority,KNN,1,0.0,0.936,0.067,0.985,0.354,stagewise_consensus\Consensus_DeepLearning_top5_Stage_IV_majority.csv,ok_cv5_low_n
Stage IV,Traditional,top10,intersection,KNN,0,,,,,,stagewise_consensus\Consensus_Traditional_top10_Stage_IV_intersection.csv,empty_list
Stage IV,Traditional,top10,majority,KNN,6,0.0,0.95,0.067,1.0,0.622,stagewise_consensus\Consensus_Traditional_top10_Stage_IV_majority.csv,ok_cv5_low_n
Stage IV,Traditional,top15,intersection,KNN,0,,,,,,stagewise_consensus\Consensus_Traditional_top15_Stage_IV_intersection.csv,empty_list
Stage IV,Traditional,top15,majority,KNN,6,0.0,0.95,0.067,1.0,0.622,stagewise_consensus\Consensus_Traditional_top15_Stage_IV_majority.csv,ok_cv5_low_n
Stage IV,Traditional,top5,intersection,KNN,0,,,,,,stagewise_consensus\Consensus_Traditional_top5_Stage_IV_intersection.csv,empty_list
Stage IV,Traditional,top5,majority,KNN,3,0.0,0.95,0.067,1.0,0.537,stagewise_consensus\Consensus_Traditional_top5_Stage_IV_majority.csv,ok_cv5_low_n
Stage IV,Clustering,,intersection,LR,0,,,,,,stagewise_consensus\Consensus_Clustering_Stage_IV_intersection.csv,empty_list
Stage IV,Clustering,,majority,LR,89,0.0,0.804,0.267,0.834,0.514,stagewise_consensus\Consensus_Clustering_Stage_IV_majority.csv,ok_cv5_low_n
Stage IV,DeepLearning,top10,intersection,LR,0,,,,,,stagewise_consensus\Consensus_DeepLearning_top10_Stage_IV_intersection.csv,empty_list
Stage IV,DeepLearning,top10,majority,LR,1,0.0,0.821,0.4,0.845,0.629,stagewise_consensus\Consensus_DeepLearning_top10_Stage_IV_majority.csv,ok_cv5_low_n
Stage IV,DeepLearning,top15,intersection,LR,0,,,,,,stagewise_consensus\Consensus_DeepLearning_top15_Stage_IV_intersection.csv,empty_list
Stage IV,DeepLearning,top15,majority,LR,1,0.0,0.821,0.4,0.845,0.629,stagewise_consensus\Consensus_DeepLearning_top15_Stage_IV_majority.csv,ok_cv5_low_n
Stage IV,DeepLearning,top5,intersection,LR,0,,,,,,stagewise_consensus\Consensus_DeepLearning_top5_Stage_IV_intersection.csv,empty_list
Stage IV,DeepLearning,top5,majority,LR,1,0.0,0.821,0.4,0.845,0.629,stagewise_consensus\Consensus_DeepLearning_top5_Stage_IV_majority.csv,ok_cv5_low_n
Stage IV,Traditional,top10,intersection,LR,0,,,,,,stagewise_consensus\Consensus_Traditional_top10_Stage_IV_intersection.csv,empty_list
Stage IV,Traditional,top10,majority,LR,6,0.0,0.854,0.533,0.872,0.752,stagewise_consensus\Consensus_Traditional_top10_Stage_IV_majority.csv,ok_cv5_low_n
Stage IV,Traditional,top15,intersection,LR,0,,,,,,stagewise_consensus\Consensus_Traditional_top15_Stage_IV_intersection.csv,empty_list
Stage IV,Traditional,top15,majority,LR,6,0.0,0.854,0.533,0.872,0.752,stagewise_consensus\Consensus_Traditional_top15_Stage_IV_majority.csv,ok_cv5_low_n
Stage IV,Traditional,top5,intersection,LR,0,,,,,,stagewise_consensus\Consensus_Traditional_top5_Stage_IV_intersection.csv,empty_list
Stage IV,Traditional,top5,majority,LR,3,0.0,0.846,0.6,0.86,0.767,stagewise_consensus\Consensus_Traditional_top5_Stage_IV_majority.csv,ok_cv5_low_n
Stage IV,Clustering,,intersection,RF,0,,,,,,stagewise_consensus\Consensus_Clustering_Stage_IV_intersection.csv,empty_list
Stage IV,Clustering,,majority,RF,89,0.0,0.946,0.0,1.0,0.544,stagewise_consensus\Consensus_Clustering_Stage_IV_majority.csv,ok_cv5_low_n
Stage IV,DeepLearning,top10,intersection,RF,0,,,,,,stagewise_consensus\Consensus_DeepLearning_top10_Stage_IV_intersection.csv,empty_list
Stage IV,DeepLearning,top10,majority,RF,1,0.0,0.929,0.067,0.977,0.296,stagewise_consensus\Consensus_DeepLearning_top10_Stage_IV_majority.csv,ok_cv5_low_n
Stage IV,DeepLearning,top15,intersection,RF,0,,,,,,stagewise_consensus\Consensus_DeepLearning_top15_Stage_IV_intersection.csv,empty_list
Stage IV,DeepLearning,top15,majority,RF,1,0.0,0.929,0.067,0.977,0.296,stagewise_consensus\Consensus_DeepLearning_top15_Stage_IV_majority.csv,ok_cv5_low_n
Stage IV,DeepLearning,top5,intersection,RF,0,,,,,,stagewise_consensus\Consensus_DeepLearning_top5_Stage_IV_intersection.csv,empty_list
Stage IV,DeepLearning,top5,majority,RF,1,0.0,0.929,0.067,0.977,0.296,stagewise_consensus\Consensus_DeepLearning_top5_Stage_IV_majority.csv,ok_cv5_low_n
Stage IV,Traditional,top10,intersection,RF,0,,,,,,stagewise_consensus\Consensus_Traditional_top10_Stage_IV_intersection.csv,empty_list
Stage IV,Traditional,top10,majority,RF,6,0.0,0.932,0.067,0.981,0.522,stagewise_consensus\Consensus_Traditional_top10_Stage_IV_majority.csv,ok_cv5_low_n
Stage IV,Traditional,top15,intersection,RF,0,,,,,,stagewise_consensus\Consensus_Traditional_top15_Stage_IV_intersection.csv,empty_list
Stage IV,Traditional,top15,majority,RF,6,0.0,0.932,0.067,0.981,0.415,stagewise_consensus\Consensus_Traditional_top15_Stage_IV_majority.csv,ok_cv5_low_n
Stage IV,Traditional,top5,intersection,RF,0,,,,,,stagewise_consensus\Consensus_Traditional_top5_Stage_IV_intersection.csv,empty_list
Stage IV,Traditional,top5,majority,RF,3,0.0,0.929,0.067,0.977,0.493,stagewise_consensus\Consensus_Traditional_top5_Stage_IV_majority.csv,ok_cv5_low_n
Stage IV,Clustering,,intersection,SVM-linear,0,,,,,,stagewise_consensus\Consensus_Clustering_Stage_IV_intersection.csv,empty_list
Stage IV,Clustering,,majority,SVM-linear,89,0.0,0.829,0.267,0.86,0.286,stagewise_consensus\Consensus_Clustering_Stage_IV_majority.csv,ok_cv5_low_n
Stage IV,DeepLearning,top10,intersection,SVM-linear,0,,,,,,stagewise_consensus\Consensus_DeepLearning_top10_Stage_IV_intersection.csv,empty_list
Stage IV,DeepLearning,top10,majority,SVM-linear,1,0.0,0.875,0.333,0.906,0.658,stagewise_consensus\Consensus_DeepLearning_top10_Stage_IV_majority.csv,ok_cv5_low_n
Stage IV,DeepLearning,top15,intersection,SVM-linear,0,,,,,,stagewise_consensus\Consensus_DeepLearning_top15_Stage_IV_intersection.csv,empty_list
Stage IV,DeepLearning,top15,majority,SVM-linear,1,0.0,0.875,0.333,0.906,0.658,stagewise_consensus\Consensus_DeepLearning_top15_Stage_IV_majority.csv,ok_cv5_low_n
Stage IV,DeepLearning,top5,intersection,SVM-linear,0,,,,,,stagewise_consensus\Consensus_DeepLearning_top5_Stage_IV_intersection.csv,empty_list
Stage IV,DeepLearning,top5,majority,SVM-linear,1,0.0,0.875,0.333,0.906,0.658,stagewise_consensus\Consensus_DeepLearning_top5_Stage_IV_majority.csv,ok_cv5_low_n
Stage IV,Traditional,top10,intersection,SVM-linear,0,,,,,,stagewise_consensus\Consensus_Traditional_top10_Stage_IV_intersection.csv,empty_list
Stage IV,Traditional,top10,majority,SVM-linear,6,0.0,0.861,0.533,0.879,0.737,stagewise_consensus\Consensus_Traditional_top10_Stage_IV_majority.csv,ok_cv5_low_n
Stage IV,Traditional,top15,intersection,SVM-linear,0,,,,,,stagewise_consensus\Consensus_Traditional_top15_Stage_IV_intersection.csv,empty_list
Stage IV,Traditional,top15,majority,SVM-linear,6,0.0,0.861,0.533,0.879,0.737,stagewise_consensus\Consensus_Traditional_top15_Stage_IV_majority.csv,ok_cv5_low_n
Stage IV,Traditional,top5,intersection,SVM-linear,0,,,,,,stagewise_consensus\Consensus_Traditional_top5_Stage_IV_intersection.csv,empty_list
Stage IV,Traditional,top5,majority,SVM-linear,3,0.0,0.854,0.533,0.872,0.756,stagewise_consensus\Consensus_Traditional_top5_Stage_IV_majority.csv,ok_cv5_low_n
