miRNA,mean_expression
hsa-mir-21,234489.36902413273
hsa-mir-10b,88239.06181509313
hsa-mir-30a,73498.79956585914
hsa-mir-22,72459.46942330385
hsa-mir-148a,53590.53658939698
hsa-mir-143,46549.56285753201
hsa-mir-182,45883.98512182655
hsa-mir-99b,42967.26873648079
hsa-mir-10a,34855.3419248766
hsa-let-7b,29417.558407901048
hsa-mir-375,23030.036046251455
hsa-mir-183,17723.73287542957
hsa-mir-30e,13264.062082883587
hsa-mir-200c,11775.04107195227
hsa-let-7a-3,11186.026139169964
hsa-let-7a-1,11131.030847841677
hsa-let-7a-2,11100.756053955762
hsa-mir-103a-2,10309.016240464493
hsa-mir-103a-1,10306.99497330035
hsa-mir-25,10196.040255612339
hsa-mir-30d,8226.403278355065
hsa-mir-203a,7376.815045168802
hsa-mir-101-2,5519.17014319092
hsa-mir-101-1,5495.455319467987
hsa-mir-93,5438.397631100117
hsa-mir-29a,5040.6517267811405
hsa-mir-92a-1,4971.55415477532
hsa-mir-199b,4562.230724694994
hsa-mir-92a-2,4503.819389147847
hsa-mir-28,4409.6705488719435
hsa-mir-126,3750.131273736903
hsa-mir-100,3693.9000126647265
hsa-mir-199a-2,3588.97915851688
hsa-let-7f-2,3568.6916675192083
hsa-let-7f-1,3518.6725938009313
hsa-mir-23a,3461.8218060826543
hsa-mir-142,2996.5509064330618
hsa-let-7c,2864.7212513189756
hsa-mir-205,2799.009700017462
hsa-mir-151a,2320.3983589860304
hsa-mir-199a-1,2148.895094280559
hsa-mir-29c,2040.0003237636788
hsa-mir-141,1981.7834952037254
hsa-mir-145,1975.0894757357394
hsa-mir-181a-2,1588.10357408149
hsa-mir-1307,1354.1342646845167
hsa-mir-191,1219.0095504318977
hsa-mir-9-3,1200.0418400535507
hsa-mir-9-1,1197.8936931792782
hsa-mir-9-2,1196.414814926659
hsa-let-7e,1181.3806840162981
hsa-mir-27a,1089.4334895762513
hsa-mir-181a-1,1071.1576953131548
hsa-mir-125a,1068.586215410943
hsa-mir-150,1020.1955830966241
hsa-mir-200a,960.4094545296857
hsa-mir-26a-2,957.6704033538998
hsa-mir-26a-1,955.4868843038417
hsa-mir-127,909.9517850814901
hsa-mir-99a,903.9041731559953
hsa-mir-23b,825.1049242654249
hsa-mir-140,812.2415836402794
hsa-mir-379,798.1618293399301
hsa-mir-26b,780.2515228125727
hsa-mir-374a,754.8501290011641
hsa-mir-210,748.9310233224681
hsa-mir-17,736.1115930919675
hsa-mir-24-2,729.9076790616997
hsa-mir-200b,729.4975693538998
hsa-mir-24-1,710.1019563818393
hsa-mir-532,708.56797369383
hsa-mir-146b,705.1569535227007
hsa-mir-27b,645.8206067532013
hsa-mir-106b,619.0438123259604
hsa-let-7g,618.4206427706637
hsa-mir-30c-2,599.1533566589056
hsa-let-7d,592.4749398963912
hsa-mir-320a,574.898983467986
hsa-mir-192,559.8495620442376
hsa-mir-30b,553.4917082107102
hsa-let-7i,541.5929343050058
hsa-mir-342,526.2622924714785
hsa-mir-30c-1,525.6365767834692
hsa-mir-193a,522.159294677532
hsa-mir-451a,463.6118177788126
hsa-mir-125b-2,462.9526877369034
hsa-mir-155,461.46530733527356
hsa-mir-196a-2,461.03980491152504
hsa-mir-425,458.6248696798603
hsa-mir-125b-1,442.44951011990685
hsa-mir-134,429.1949702305006
hsa-mir-378a,412.9750216949942
hsa-mir-29b-2,398.4853521233993
hsa-mir-196a-1,395.50089005937133
hsa-mir-338,389.1764752363214
hsa-mir-16-2,385.86318117578577
hsa-mir-16-1,380.1830604016298
hsa-mir-196b,379.11547744935973
hsa-mir-197,370.0566939790454
hsa-mir-186,346.59086441792783
hsa-mir-361,344.9946437473806
hsa-mir-29b-1,335.8858020942957
hsa-mir-455,290.8788046100117
hsa-mir-625,280.62837006752034
hsa-mir-20a,275.3134518894063
hsa-mir-542,268.34971297555296
hsa-mir-152,263.15532913154834
hsa-mir-15b,255.36963167869612
hsa-mir-500a,245.18716118742725
hsa-mir-148b,221.21825690686842
hsa-mir-181b-1,216.29181685564606
hsa-mir-181b-2,194.13810944703144
hsa-mir-582,183.44390900349245
hsa-mir-423,181.97563077299185
hsa-mir-149,176.16026364260767
hsa-mir-424,167.5952849650757
hsa-mir-146a,162.45782783585565
hsa-mir-34a,150.56332186961586
hsa-mir-15a,150.15292355529687
hsa-mir-193b,145.50593292549476
hsa-mir-223,137.37088652153668
hsa-mir-629,133.9601360942957
hsa-mir-429,133.6677471944121
hsa-mir-92b,132.36882597671712
hsa-mir-708,132.2234431734575
hsa-mir-335,126.52518868684517
hsa-mir-221,125.70857911641443
hsa-mir-365a,123.2127125250291
hsa-mir-365b,122.87101967636787
hsa-mir-574,113.79870323748546
hsa-mir-194-2,106.12892472991852
hsa-mir-181c,105.86204504074506
hsa-mir-144,104.94310882421419
hsa-mir-3607,100.12831544470315
hsa-mir-1269a,99.33728282072177
hsa-mir-486-1,98.78096670197905
hsa-mir-486-2,98.13703943771827
hsa-mir-484,96.78942565308499
hsa-mir-194-1,95.1115726565774
hsa-mir-184,89.10991263213036
hsa-mir-139,85.37015985098951
hsa-mir-130a,85.26848444470315
hsa-mir-128-1,84.22408525261933
hsa-mir-19b-1,83.82540257275902
hsa-mir-132,81.98122080675202
hsa-mir-19b-2,75.77380665192084
hsa-mir-452,71.78854453550639
hsa-mir-203b,68.15741732479627
hsa-mir-206,67.86135775902211
hsa-mir-589,67.62933272060535
hsa-mir-107,65.12885963562282
hsa-mir-185,64.93712784982537
hsa-mir-98,63.99776578346915
hsa-mir-374b,63.616151968568104
hsa-mir-3065,60.897085096623975
hsa-mir-584,60.81005317345751
hsa-mir-224,58.83664166821886
hsa-mir-339,57.40518259138533
hsa-mir-328,55.99505984633295
hsa-mir-128-2,55.95378220372527
hsa-mir-153-2,55.316923634458675
hsa-mir-195,55.128892324796276
hsa-mir-222,54.46272965541327
hsa-mir-505,54.280334838183926
hsa-mir-2355,52.06618297089639
hsa-mir-324,50.90175817462165
hsa-mir-501,50.871517845168796
hsa-mir-664a,49.45849550873108
hsa-mir-744,49.44213727473807
hsa-mir-675,49.127737770663565
hsa-mir-337,47.64421464493598
hsa-mir-187,46.180316536670546
hsa-mir-1247,44.90436323632131
hsa-mir-20b,43.24610679161816
hsa-mir-508,42.54952040395809
hsa-mir-1287,41.96234057508731
hsa-mir-628,41.02728018160652
hsa-mir-136,40.585250656577415
hsa-mir-409,40.38775940395809
hsa-mir-96,39.95380502211874
hsa-mir-7-1,39.715695419091965
hsa-mir-331,38.87752643888242
hsa-mir-214,38.67363535389988
hsa-mir-4662a,37.435312112922006
hsa-mir-652,35.370703665890574
hsa-mir-19a,34.819881513387664
hsa-mir-660,34.440928953434224
hsa-mir-1-2,34.264511868451685
hsa-mir-330,34.18760387194412
hsa-mir-653,33.19670861117579
hsa-mir-874,32.63596301396973
hsa-mir-1-1,32.121893107101286
hsa-mir-381,31.798202073341095
hsa-mir-497,31.726828036088474
hsa-mir-769,31.309759998835855
hsa-mir-32,30.219758479627476
hsa-mir-135b,28.546409469150174
hsa-mir-345,28.497003827706635
hsa-mir-130b,28.277712746216533
hsa-mir-340,27.761016958090803
hsa-mir-181d,26.82579654947613
hsa-mir-382,25.86693078928987
hsa-mir-106a,25.444741415599534
hsa-mir-654,25.11908815250291
hsa-mir-133a-1,25.025204005820715
hsa-mir-33a,22.393080910360883
hsa-mir-218-1,21.891001499417925
hsa-mir-133a-2,21.76391998137369
hsa-mir-301a,21.460132982537832
hsa-mir-122,21.353807131548308
hsa-mir-590,21.239720054714788
hsa-mir-190b,21.110160401629802
hsa-mir-218-2,20.678601930151338
hsa-mir-758,20.502255171129224
hsa-mir-217,19.476765001164143
hsa-mir-363,19.22089973573923
hsa-mir-450b,19.17112905704308
hsa-mir-1301,17.72993216065192
hsa-mir-503,17.706193292200233
hsa-mir-105-2,17.26293607683353
hsa-mir-105-1,17.13125900814901
hsa-mir-598,16.546827526193248
hsa-mir-1266,16.51290718160652
hsa-mir-3074,16.43059686146682
hsa-mir-577,15.937541445867287
hsa-mir-34c,15.281548540162982
hsa-mir-576,15.060766190919674
hsa-mir-18a,14.999825349243308
hsa-mir-5683,14.904075940628637
hsa-mir-483,14.220302449359721
hsa-mir-493,14.009127045401629
hsa-mir-3677,13.784123315483122
hsa-mir-1180,13.594087902211873
hsa-mir-615,13.490325459837019
hsa-mir-889,13.347761953434226
hsa-mir-431,13.261620420256111
hsa-mir-767,13.045722073341093
hsa-mir-3613,12.336610257275902
hsa-mir-539,12.312304246798602
hsa-mir-1269b,12.229736832363214
hsa-mir-454,12.166694303841677
hsa-mir-449a,12.140782644935973
hsa-mir-326,12.0814878451688
hsa-mir-362,11.974699210710128
hsa-mir-3653,11.313598492433062
hsa-mir-370,11.170111452852153
hsa-mir-1306,10.9975375774156
hsa-mir-4677,10.845398161816066
hsa-mir-369,10.79536036670547
hsa-mir-887,10.55695892549476
hsa-mir-511,10.321580690337601
hsa-mir-410,9.928091922002329
hsa-mir-6510,9.912127805587893
hsa-mir-133b,9.753294103608848
hsa-mir-3127,9.686616658905704
hsa-mir-766,9.606575966239813
hsa-mir-33b,9.304669579743889
hsa-mir-1976,9.047645137369035
hsa-mir-671,9.016865633294529
hsa-mir-31,8.915372956926658
hsa-mir-495,8.887146424912688
hsa-mir-934,8.698432435389988
hsa-mir-4326,8.518717254947614
hsa-mir-502,8.357189067520373
hsa-mir-154,7.847893636786962
hsa-mir-1468,7.626033586728754
hsa-mir-432,7.595263282887077
hsa-mir-1296,7.433596266589058
hsa-mir-215,7.057008854481957
hsa-mir-411,6.91849250523865
hsa-mir-412,6.538700447031431
hsa-mir-296,6.350113761350407
hsa-mir-323b,6.166069358556461
hsa-mir-509-3,5.93448228637951
hsa-mir-942,5.921314557625146
hsa-mir-940,5.902913473806752
hsa-mir-378c,5.711934896391153
hsa-mir-376c,5.677326626309662
hsa-mir-204,5.66147549476135
hsa-mir-450a-1,5.600083151338766
hsa-mir-450a-2,5.5090017112922
hsa-mir-487b,5.500496285215366
hsa-mir-3200,5.430845698486612
hsa-mir-485,5.397535932479628
hsa-mir-642a,5.384294059371363
hsa-mir-664b,5.158338165308498
hsa-mir-323a,5.1503151373690335
hsa-mir-4668,4.905500613504074
hsa-mir-500b,4.8608873434225846
hsa-mir-4772,4.790351707799767
hsa-mir-190a,4.639159600698487
hsa-mir-3614,4.583737228172294
hsa-mir-514a-2,4.566570875436554
hsa-mir-592,4.562054443538999
hsa-mir-491,4.558381033760186
hsa-mir-4728,4.557391403958091
hsa-mir-514a-1,4.5110464982537835
hsa-mir-514a-3,4.482640254947613
hsa-mir-4661,4.44949331548312
hsa-mir-509-1,4.374976451688009
hsa-mir-509-2,4.299077094295693
hsa-mir-212,4.229049895227009
hsa-mir-935,4.158650284051222
hsa-mir-135a-2,4.1432262060535505
hsa-mir-937,4.134858577415599
hsa-mir-3605,4.091485688009313
hsa-mir-519a-1,3.976459982537835
hsa-mir-616,3.958305466821886
hsa-mir-3615,3.9284813480791616
hsa-mir-320b-2,3.9125151664726427
hsa-mir-299,3.870579220023283
hsa-mir-760,3.7408906845168803
hsa-mir-1271,3.7396995122235155
hsa-mir-5586,3.724896363213038
hsa-mir-95,3.6953278067520374
hsa-mir-211,3.5908726321303845
hsa-mir-135a-1,3.5705167008149012
hsa-mir-377,3.540117667054715
hsa-mir-129-2,3.3947948556461007
hsa-mir-891a,3.252373832363213
hsa-mir-1245a,3.24476238766007
hsa-mir-34b,3.208011812572759
hsa-mir-4746,3.1470363701979047
hsa-mir-885,3.0969901292200235
hsa-mir-188,3.088109671711292
hsa-mir-3150b,3.067251415599534
hsa-mir-6892,3.0175368032596044
hsa-mir-129-1,3.0055530500582073
hsa-mir-421,2.942197302677532
hsa-mir-1248,2.852024245634458
hsa-mir-651,2.845873523864959
hsa-mir-153-1,2.7292161559953434
hsa-mir-1270,2.7089152153667055
hsa-mir-655,2.6829175832363217
hsa-mir-496,2.623456335273574
hsa-mir-2110,2.5473711827706635
hsa-mir-550a-1,2.537740392316647
hsa-mir-219a-1,2.537309812572759
hsa-mir-550a-2,2.529743708963912
hsa-mir-320b-1,2.5116595075669386
hsa-mir-3170,2.474204845168801
hsa-mir-1251,2.4709986810244473
hsa-mir-1249,2.393608750873108
hsa-mir-3130-2,2.373090130384168
hsa-mir-3130-1,2.347492759022119
hsa-mir-3928,2.342068911525029
hsa-mir-551b,2.3332806926658907
hsa-mir-877,2.3145840908032596
hsa-mir-7706,2.2876721594877765
hsa-mir-944,2.2586037648428405
hsa-mir-449b,2.1907172095459835
hsa-mir-5000,2.163764279394645
hsa-mir-383,2.0883032188591386
hsa-mir-504,2.0710438277066356
hsa-mir-4724,2.0620728183934807
hsa-mir-151b,2.032745845168801
hsa-mir-301b,2.0032371618160654
hsa-mir-2115,1.9631926332945289
hsa-mir-494,1.90477561233993
hsa-mir-7702,1.8285310023282888
hsa-mir-526b,1.8177228172293363
hsa-mir-202,1.7998763166472642
hsa-mir-3913-2,1.7730125052386496
hsa-mir-3934,1.7671126519208382
hsa-mir-1224,1.761373845168801
hsa-mir-376b,1.7486439755529681
hsa-mir-1258,1.7457502945285217
hsa-mir-3913-1,1.742326792782305
hsa-mir-6511b-1,1.737606223515716
hsa-mir-487a,1.7231504656577414
hsa-mir-6511b-2,1.7029205040745055
hsa-mir-376a-1,1.6736653923166476
hsa-mir-659,1.6455520488940631
hsa-mir-6842,1.6290900547147844
hsa-mir-1226,1.6178602293364375
hsa-mir-4638,1.5844249953434226
hsa-mir-516a-1,1.549501464493597
hsa-mir-3651,1.4848256926658905
hsa-mir-548v,1.4740635122235157
hsa-mir-1277,1.456990846332945
hsa-mir-516a-2,1.4564190372526193
hsa-mir-627,1.4488063084982536
hsa-mir-433,1.4462111804423747
hsa-mir-3917,1.4124439569266587
hsa-mir-550a-3,1.4119577357392314
hsa-mir-543,1.4018024679860304
hsa-mir-939,1.3380214598370197
hsa-mir-1228,1.3192909173457508
hsa-mir-7156,1.3070851804423747
hsa-mir-548b,1.2847762607683353
hsa-mir-6837,1.264322690337602
hsa-mir-2277,1.2485240628637948
hsa-mir-5698,1.2390957287543658
hsa-mir-3940,1.225696178114086
hsa-mir-1295a,1.2256899359720606
hsa-mir-519a-2,1.2211622444703143
hsa-mir-4501,1.1982344889406287
hsa-mir-147b,1.1968467613504072
hsa-mir-7-2,1.1693996903376018
hsa-mir-3610,1.1470025250291036
hsa-mir-3664,1.1416709487776484
hsa-mir-2114,1.133962618160652
hsa-mir-6806,1.118686436554133
hsa-mir-6761,1.111774839348079
hsa-mir-7705,1.1091675157159486
hsa-mir-522,1.102224644935972
hsa-mir-4742,1.100993164144354
hsa-mir-374c,1.0966829522700814
hsa-mir-1304,1.0943235715948776
hsa-mir-624,1.0867496565774157
hsa-mir-7-3,1.0851842863795111
hsa-mir-4784,1.084813443538999
hsa-mir-3682,1.0732827159487777
hsa-mir-1291,1.0256199755529687
hsa-mir-1343,1.0143568055878929
hsa-mir-138-1,1.0078510849825377
hsa-mir-5694,0.9842381199068685
hsa-mir-3156-1,0.9801747275902212
hsa-mir-3926-2,0.9597860454016298
hsa-mir-449c,0.946883286379511
hsa-mir-6718,0.9302121594877765
hsa-mir-3199-2,0.9067280081490106
hsa-mir-3652,0.9064689161816066
hsa-mir-1229,0.8985096484284052
hsa-mir-556,0.8938840942956926
hsa-mir-6716,0.8880121664726426
hsa-mir-676,0.8847526903376018
hsa-mir-4461,0.8813602281722933
hsa-mir-4664,0.8770577625145519
hsa-mir-4449,0.864321625145518
hsa-mir-618,0.8581573527357392
hsa-mir-4709,0.8560182840512224
hsa-mir-6854,0.8559296204889405
hsa-mir-506,0.8364264167636787
hsa-mir-3156-2,0.8357888207217696
hsa-mir-489,0.8339853795110594
hsa-mir-656,0.8040744388824215
hsa-mir-1262,0.7906460698486613
hsa-mir-6720,0.7822869429569267
hsa-mir-3678,0.7797695285215367
hsa-mir-4521,0.7791071548311991
hsa-mir-3609,0.778773295692666
hsa-mir-5699,0.7775670081490105
hsa-mir-3912,0.7731961175785798
hsa-mir-6509,0.7665575552968568
hsa-mir-380,0.7555703573923167
hsa-mir-643,0.7432255762514552
hsa-mir-137,0.7342497380675204
hsa-mir-5684,0.7148198067520372
hsa-mir-579,0.7125786565774157
hsa-mir-3926-1,0.7103967939464493
hsa-mir-4444-2,0.7039083608847497
hsa-mir-4999,0.6938495424912688
hsa-mir-5010,0.6937320023282887
hsa-mir-3690-1,0.693091661233993
hsa-mir-541,0.6879298963911525
hsa-mir-376a-2,0.6858454155995344
hsa-mir-138-2,0.6789986984866124
hsa-mir-585,0.6719412502910361
hsa-mir-4786,0.6697346018626309
hsa-mir-520a,0.6638585308498255
hsa-mir-545,0.6569035133876601
hsa-mir-3662,0.6518037683352736
hsa-mir-2116,0.6502883725261932
hsa-mir-320c-1,0.6334927997671712
hsa-mir-4787,0.6314053236321305
hsa-mir-3922,0.6244991292200233
hsa-mir-6755,0.6233750104772992
hsa-mir-3156-3,0.6212146810244471
hsa-mir-18b,0.6201692817229336
hsa-mir-4473,0.615682760186263
hsa-mir-1288,0.6058442572759023
hsa-mir-3136,0.592452835855646
hsa-mir-320d-1,0.5911418509895227
hsa-mir-570,0.5853814016298021
hsa-mir-4714,0.5789915017462165
hsa-mir-6777,0.5757028847497089
hsa-mir-3117,0.5731887392316647
hsa-mir-6820,0.5695978952270081
hsa-mir-581,0.5550316391152502
hsa-mir-1292,0.5521066868451687
hsa-mir-4660,0.5468266449359721
hsa-mir-4652,0.5460611210710128
hsa-mir-4446,0.5438078428405122
hsa-mir-639,0.5437265203725262
hsa-mir-1254-2,0.5436456495925495
hsa-mir-665,0.541707335273574
hsa-mir-548e,0.5390291885913854
hsa-mir-3173,0.5367280023282887
hsa-mir-520b,0.5360322013969733
hsa-mir-518c,0.533060681024447
hsa-mir-517a,0.5330418160651921
hsa-mir-3129,0.5327288114086147
hsa-mir-517b,0.5321638311990687
hsa-mir-5001,0.5321263830034925
hsa-mir-4766,0.5292362060535507
hsa-mir-6802,0.5285538160651921
hsa-mir-320d-2,0.5276300628637952
hsa-mir-499a,0.5247063457508732
hsa-mir-4491,0.515612776484284
hsa-mir-1255a,0.5133073282887078
hsa-mir-1254-1,0.5015003981373689
hsa-mir-512-1,0.5006607450523866
hsa-mir-216a,0.49605437834691507
hsa-mir-605,0.49569660535506405
hsa-mir-3619,0.48663597555296856
hsa-mir-512-2,0.48575689057043075
hsa-mir-372,0.4834947415599534
hsa-mir-329-2,0.4832530186263097
hsa-mir-329-1,0.4811532025611176
hsa-mir-5003,0.4732285634458673
hsa-mir-551a,0.4708173853317812
hsa-mir-6733,0.4645425052386496
hsa-mir-518b,0.46403313504074506
hsa-mir-6516,0.46138373108265424
hsa-mir-5187,0.45782837951105937
hsa-mir-6715a,0.45188537019790453
hsa-mir-3187,0.4515160034924331
hsa-mir-3909,0.4460636088474971
hsa-mir-548s,0.4412880419091967
hsa-mir-3923,0.4348148894062864
hsa-mir-4444-1,0.42679198603026774
hsa-mir-6808,0.42599727823050054
hsa-mir-6501,0.42265771594877766
hsa-mir-3064,0.4212315552968568
hsa-mir-6499,0.4180905715948778
hsa-mir-6514,0.41448846682188584
hsa-mir-219b,0.4141358521536671
hsa-mir-1910,0.4114271688009313
hsa-mir-4791,0.410719545983702
hsa-mir-4732,0.4097286484284051
hsa-mir-6798,0.40938385913853326
hsa-mir-1284,0.40263797904540166
hsa-mir-580,0.40196702677532015
hsa-mir-4636,0.4017942142025611
hsa-mir-320c-2,0.4010619778812573
hsa-mir-6503,0.3999301897555297
hsa-mir-5691,0.3984328125727591
hsa-mir-3191,0.39557479394644934
hsa-mir-1275,0.3821885960419092
hsa-mir-3941,0.38163830500582074
hsa-mir-518e,0.3809502142025611
hsa-mir-5695,0.3790331105937136
hsa-mir-6502,0.37541761117578576
hsa-mir-3190,0.374672621653085
hsa-mir-518f,0.37263772526193245
hsa-mir-6783,0.3699167648428405
hsa-mir-548aw,0.36560427939464496
hsa-mir-4443,0.35884396274738073
hsa-mir-632,0.35779982770663565
hsa-mir-636,0.3569413806752037
hsa-mir-552,0.35535509196740395
hsa-mir-6874,0.34571681257275905
hsa-mir-4640,0.3455881455180443
hsa-mir-548f-1,0.345454996507567
hsa-mir-4423,0.34494639697322466
hsa-mir-548j,0.33827897788125727
hsa-mir-7112,0.334520227008149
hsa-mir-5706,0.33402951338766007
hsa-mir-6877,0.33337204540162985
hsa-mir-4726,0.3325987951105937
hsa-mir-3157,0.32667313154831196
hsa-mir-1295b,0.32505722351571603
hsa-mir-6815,0.3243751606519209
hsa-mir-4680,0.32336759022118744
hsa-mir-124-1,0.3226603562281723
hsa-mir-4781,0.3204739545983702
hsa-mir-4665,0.31772638416763677
hsa-mir-7854,0.31648620954598367
hsa-mir-124-3,0.31629147497089644
hsa-mir-124-2,0.3128030174621653
hsa-mir-548o-2,0.3106227811408615
hsa-mir-5581,0.3076956507566938
hsa-mir-6875,0.3067033084982538
hsa-mir-4758,0.30554110011641444
hsa-mir-525,0.3054406006984866
hsa-mir-548au,0.30458991268917346
hsa-mir-4707,0.303929147846333
hsa-mir-1185-1,0.3026915017462165
hsa-mir-4645,0.3005585622817229
hsa-mir-3199-1,0.30014835389988365
hsa-mir-4763,0.2986300803259604
hsa-mir-548o,0.296232
hsa-mir-4442,0.2950929324796275
hsa-mir-488,0.2948318742724098
hsa-mir-3194,0.2894343434225844
hsa-mir-4675,0.2889995029103609
hsa-mir-658,0.2873265355064028
hsa-mir-4762,0.28474573341094295
hsa-mir-3161,0.28366293015133875
hsa-mir-4649,0.28017135972060536
hsa-mir-607,0.2789287392316647
hsa-mir-1537,0.27784570779976714
hsa-mir-5091,0.2769154423748545
hsa-mir-3174,0.2763335948777648
hsa-mir-378d-2,0.2692409417927823
hsa-mir-6507,0.26922841443539
hsa-mir-5696,0.2687867217694994
hsa-mir-4756,0.26752668684516884
hsa-mir-4777,0.2667751839348079
hsa-mir-5680,0.26508649359720604
hsa-mir-6803,0.2640914621653085
hsa-mir-5690,0.2635616542491269
hsa-mir-6788,0.2601480174621653
hsa-mir-3176,0.25829702793946446
hsa-mir-6737,0.2568044668218859
hsa-mir-520g,0.2544432118742724
hsa-mir-765,0.25221933760186266
hsa-mir-6860,0.25219938300349243
hsa-mir-548k,0.24990373108265423
hsa-mir-7974,0.2490907019790454
hsa-mir-6868,0.24867985681024446
hsa-mir-4788,0.2473532724097788
hsa-mir-5687,0.24449809895227007
hsa-mir-320e,0.2444731816065192
hsa-mir-4797,0.24400471827706635
hsa-mir-561,0.24288292200232828
hsa-mir-1538,0.24039306053550638
hsa-mir-6793,0.2398598358556461
hsa-mir-1179,0.23910579976717114
hsa-mir-4745,0.23880786961583234
hsa-mir-4676,0.23788385215366706
hsa-mir-3691,0.2369896949941793
hsa-mir-6781,0.2359143527357392
hsa-mir-3655,0.2342346379511059
hsa-mir-3188,0.2341233632130384
hsa-mir-3942,0.22918792665890572
hsa-mir-3622a,0.22461861932479626
hsa-mir-6852,0.22206100814901047
hsa-mir-4738,0.22151526076833528
hsa-mir-4454,0.22144272759022118
hsa-mir-1181,0.2169176426076834
hsa-mir-3680-1,0.2167367753201397
hsa-mir-527,0.21616875436554134
hsa-mir-6125,0.21383219324796274
hsa-mir-3158-1,0.21353381024447032
hsa-mir-5571,0.21258292782305002
hsa-mir-4484,0.2119273760186263
hsa-mir-5708,0.21173890686845168
hsa-mir-1294,0.2078045157159488
hsa-mir-3944,0.20778924214202563
hsa-mir-5703,0.20728373923166474
hsa-mir-4658,0.20672113154831195
hsa-mir-4683,0.20589799883585563
hsa-mir-3620,0.2052077217694994
hsa-mir-4802,0.201044470314319
hsa-mir-346,0.20047654132712456
hsa-mir-2276,0.20014523166472645
hsa-mir-6734,0.19889286845168802
hsa-mir-3684,0.19850384633294532
hsa-mir-4685,0.19830008032596042
hsa-mir-4522,0.1972490512223516
hsa-mir-1293,0.19721540395809078
hsa-mir-1276,0.19692029452852153
hsa-mir-4470,0.19647988242142028
hsa-mir-548d-1,0.19480106752037252
hsa-mir-378d-1,0.19456725029103608
hsa-mir-4674,0.19394518859138532
hsa-mir-6844,0.19325871478463327
hsa-mir-3654,0.19091877764842838
hsa-mir-548t,0.1908213259604191
hsa-mir-513c,0.18887137369033757
hsa-mir-518a-2,0.18558697904540164
hsa-mir-5089,0.18454403143189757
hsa-mir-6818,0.18442993597206056
hsa-mir-6508,0.1833893492433062
hsa-mir-1283-2,0.18301893247962744
hsa-mir-3150a,0.18080231431897556
hsa-mir-4800,0.1786148626309662
hsa-mir-4741,0.17833340395809083
hsa-mir-4424,0.17654402677532013
hsa-mir-6728,0.17610360884749712
hsa-mir-6891,0.17346808847497092
hsa-mir-5193,0.17345739231664725
hsa-mir-520f,0.1723161688009313
hsa-mir-490,0.1723064516880093
hsa-mir-3667,0.17208177299185098
hsa-mir-548d-2,0.1695226565774156
hsa-mir-3193,0.16891823981373688
hsa-mir-4523,0.16753858789289877
hsa-mir-1250,0.1669434109429569
hsa-mir-4780,0.1668863131548312
hsa-mir-520h,0.1660642200232829
hsa-mir-6833,0.16579044819557626
hsa-mir-1911,0.16571549941792782
hsa-mir-641,0.16514245634458674
hsa-mir-7110,0.16493557741559955
hsa-mir-3178,0.16472284749708965
hsa-mir-6730,0.16359538183934805
hsa-mir-6747,0.16182206169965077
hsa-mir-6843,0.16105392782305006
hsa-mir-519d,0.16080916880093132
hsa-mir-3919,0.1596529545983702
hsa-mir-6807,0.15933190104772993
hsa-mir-873,0.1588145960419092
hsa-mir-6879,0.15832583934807914
hsa-mir-519c,0.15781830733410943
hsa-mir-5092,0.15763904423748548
hsa-mir-6797,0.15723006053550642
hsa-mir-4725,0.15703799883585565
hsa-mir-6895,0.156923717112922
hsa-mir-6744,0.15687942724097786
hsa-mir-6764,0.1553857240977881
hsa-mir-1305,0.15409740745052386
hsa-mir-8072,0.15376619790454019
hsa-mir-6726,0.15330961816065194
hsa-mir-4524a,0.15292761466821886
hsa-mir-612,0.15284907916181606
hsa-mir-4286,0.1515118335273574
hsa-mir-4453,0.1513046623981374
hsa-mir-6894,0.14866176949941792
hsa-mir-1914,0.1483999417927823
hsa-mir-5090,0.14785187660069848
hsa-mir-548ag-2,0.14718877182770665
hsa-mir-3158-2,0.14690345285215367
hsa-mir-219a-2,0.1461461082654249
hsa-mir-4434,0.1454541268917346
hsa-mir-23c,0.1445525157159488
hsa-mir-548q,0.14448537485448196
hsa-mir-3140,0.14305476135040746
hsa-mir-4753,0.14221187194412108
hsa-mir-6882,0.1417532153667055
hsa-mir-6513,0.1404660302677532
hsa-mir-549a,0.14011998020954597
hsa-mir-5008,0.13905995809080327
hsa-mir-516b-1,0.1389626065192084
hsa-mir-7155,0.13891558556461003
hsa-mir-3920,0.13889333760186262
hsa-mir-4632,0.1385723434225844
hsa-mir-4687,0.13790887194412108
hsa-mir-520e,0.13681644353899883
hsa-mir-5002,0.1357469499417928
hsa-mir-3911,0.13565697788125727
hsa-mir-4536-2,0.13356230966239815
hsa-mir-548y,0.13343861233993012
hsa-mir-6748,0.13341916298020953
hsa-mir-1185-2,0.13259338533178114
hsa-mir-4790,0.12930021303841677
hsa-mir-6762,0.12879359254947614
hsa-mir-520d,0.12846345168800932
hsa-mir-6773,0.12709032246798602
hsa-mir-518a-1,0.12609108498253782
hsa-mir-5681b,0.12456749592549476
hsa-mir-4525,0.123689509895227
hsa-mir-802,0.12276160768335274
hsa-mir-4536-1,0.12225198370197905
hsa-mir-6741,0.12156975203725262
hsa-mir-5579,0.1215283003492433
hsa-mir-7641-1,0.12131752037252619
hsa-mir-4492,0.12063611059371362
hsa-mir-1283-1,0.12036773108265425
hsa-mir-6132,0.12006482887077997
hsa-mir-573,0.11982892083818393
hsa-mir-6885,0.11941688358556461
hsa-mir-7845,0.11839976135040745
hsa-mir-6832,0.11835844703143189
hsa-mir-4691,0.11692703492433063
hsa-mir-4727,0.1168180908032596
hsa-mir-7976,0.11588372875436553
hsa-mir-6750,0.11542103608847497
hsa-mir-6851,0.11488805937136205
hsa-mir-6723,0.11478658556461001
hsa-mir-6884,0.11477702095459837
hsa-mir-1323,0.11251132479627475
hsa-mir-1227,0.11222947264260767
hsa-mir-3680-2,0.11113315832363212
hsa-mir-4690,0.11084584749708966
hsa-mir-4657,0.11037089173457508
hsa-mir-516b-2,0.10975163096623983
hsa-mir-7846,0.10895523399301513
hsa-mir-6746,0.10869844353899882
hsa-mir-3616,0.1085856845168801
hsa-mir-4519,0.1085764318975553
hsa-mir-548ao,0.1083024318975553
hsa-mir-3143,0.10750785215366705
hsa-mir-597,0.10731898370197904
hsa-mir-520c,0.10671926076833527
hsa-mir-6769a,0.10659969383003493
hsa-mir-1234,0.10659566356228173
hsa-mir-3152,0.10655072526193247
hsa-mir-4754,0.10543256228172293
hsa-mir-7641-2,0.10491341559953435
hsa-mir-6850,0.10488378928987194
hsa-mir-599,0.10484660535506402
hsa-mir-466,0.10451613154831198
hsa-mir-4469,0.1026984016298021
hsa-mir-559,0.10199496507566938
hsa-mir-6506,0.10176901513387662
hsa-mir-6739,0.10107669383003494
hsa-mir-5582,0.10052945983701979
hsa-mir-4700,0.0994660279394645
hsa-mir-1197,0.0990425832363213
hsa-mir-4654,0.09871534109429571
hsa-mir-6810,0.09855357392316648
hsa-mir-4433b,0.09820572642607685
hsa-mir-4733,0.09683629685681024
hsa-mir-6087,0.09668765075669383
hsa-mir-4451,0.09668349941792784
hsa-mir-4515,0.0960445727590221
hsa-mir-4755,0.09590267171129219
hsa-mir-4482,0.09589157974388825
hsa-mir-4526,0.09549062281722934
hsa-mir-3177,0.09489795576251454
hsa-mir-6779,0.09484703026775321
hsa-mir-7844,0.09473482654249127
hsa-mir-208b,0.09436169615832363
hsa-mir-521-1,0.09423910244470315
hsa-mir-3126,0.09390213853317811
hsa-mir-3138,0.0937195913853318
hsa-mir-3189,0.09342273108265424
hsa-mir-6888,0.09297827590221186
hsa-mir-4773-2,0.09250310826542492
hsa-mir-6812,0.09238712922002329
hsa-mir-6834,0.09173579278230501
hsa-mir-6855,0.09067882887077998
hsa-mir-770,0.09037522817229338
hsa-mir-6766,0.09001997206053551
hsa-mir-4775,0.08935838300349243
hsa-mir-548az,0.08836805471478464
hsa-mir-4701,0.08828651920838185
hsa-mir-6814,0.08814154481955762
hsa-mir-3137,0.08760402561117578
hsa-mir-544a,0.0873531082654249
hsa-mir-6805,0.08688603958090804
hsa-mir-514b,0.08518890104772993
hsa-mir-6827,0.08496102561117579
hsa-mir-1260b,0.08482357625145517
hsa-mir-7152,0.0847621618160652
hsa-mir-6731,0.08361691268917346
hsa-mir-3192,0.08342575902211873
hsa-mir-4773-1,0.08303993830034925
hsa-mir-3198-2,0.08281061932479628
hsa-mir-6774,0.08274454831199068
hsa-mir-4749,0.0825059394644936
hsa-mir-515-2,0.08196402793946449
hsa-mir-1225,0.08184537485448196
hsa-mir-600,0.08149241909196742
hsa-mir-3618,0.08141135622817229
hsa-mir-4529,0.08113044237485446
hsa-mir-7158,0.08112446100116415
hsa-mir-4639,0.08075511059371362
hsa-mir-517c,0.0797281443538999
hsa-mir-3145,0.07952679976717114
hsa-mir-6735,0.0794612700814901
hsa-mir-6515,0.0792806367869616
hsa-mir-6751,0.07906437019790453
hsa-mir-515-1,0.0785724016298021
hsa-mir-3936,0.07792631431897555
hsa-mir-6715b,0.07777115366705471
hsa-mir-4736,0.07772749941792782
hsa-mir-6878,0.07771969848661235
hsa-mir-6754,0.07760214318975553
hsa-mir-3154,0.07562923864959256
hsa-mir-4705,0.07526463329452852
hsa-mir-1915,0.07496935855646099
hsa-mir-4789,0.07354700931315483
hsa-mir-588,0.0734300430733411
hsa-mir-6717,0.0731556565774156
hsa-mir-4431,0.07291132479627475
hsa-mir-578,0.0726084772991851
hsa-mir-4666a,0.07223221303841676
hsa-mir-4647,0.07213305122235157
hsa-mir-5588,0.07190801047729918
hsa-mir-1256,0.0717100884749709
hsa-mir-3155a,0.071463378346915
hsa-mir-1237,0.07118832013969732
hsa-mir-1298,0.07112678696158324
hsa-mir-4768,0.07085474388824214
hsa-mir-216b,0.07075767054714785
hsa-mir-668,0.07075599185098953
hsa-mir-373,0.07052880675203725
hsa-mir-4785,0.0701650023282887
hsa-mir-4717,0.06973913271245634
hsa-mir-5685,0.06972223166472642
hsa-mir-4517,0.06934270663562282
hsa-mir-6826,0.06898230733410943
hsa-mir-4740,0.0684370325960419
hsa-mir-4793,0.06759932130384168
hsa-mir-6740,0.06759096158323633
hsa-mir-4757,0.06719999185098952
hsa-mir-892a,0.06719379976717113
hsa-mir-507,0.06663665308498253
hsa-mir-492,0.06629889988358556
hsa-mir-4699,0.06590233294528522
hsa-mir-3166,0.06585089522700815
hsa-mir-4743,0.06519159138533179
hsa-mir-4479,0.0651518230500582
hsa-mir-3679,0.06467903958090804
hsa-mir-548ay,0.06410397788125728
hsa-mir-548l,0.06407716530849826
hsa-mir-3115,0.06391392316647264
hsa-mir-6825,0.06324685215366706
hsa-mir-943,0.06252500698486613
hsa-mir-6822,0.06235769732246798
hsa-mir-3910-2,0.06225608498253783
hsa-mir-4739,0.061887050058207216
hsa-mir-3910-1,0.061755
hsa-mir-4782,0.061655863795110594
hsa-mir-6839,0.06153512572759021
hsa-mir-4723,0.06089771362048894
hsa-mir-6780b,0.06082460419091967
hsa-mir-3611,0.06050092782305006
hsa-mir-6736,0.06001362747380676
hsa-mir-4796,0.059906949941792784
hsa-mir-6880,0.059834139697322465
hsa-mir-6870,0.05919989406286379
hsa-mir-3124,0.05912951804423748
hsa-mir-5580,0.0584348661233993
hsa-mir-4533,0.058109135040745045
hsa-mir-3144,0.057660438882421415
hsa-mir-4646,0.05732357508731083
hsa-mir-3939,0.057125324796274725
hsa-mir-6811,0.05711472759022119
hsa-mir-6727,0.057001409778812566
hsa-mir-876,0.056612817229336435
hsa-mir-6757,0.056611835855646095
hsa-mir-6858,0.056275864959254955
hsa-mir-4306,0.05612082421420257
hsa-mir-3927,0.05588573690337601
hsa-mir-4759,0.0557810302677532
hsa-mir-891b,0.05523866472642609
hsa-mir-6738,0.05496107101280558
hsa-mir-6782,0.05476954481955762
hsa-mir-4433a,0.05467106286379511
hsa-mir-6821,0.0545903434225844
hsa-mir-6795,0.05453078463329453
hsa-mir-4795,0.054500238649592546
hsa-mir-7114,0.05375242724097788
hsa-mir-6887,0.05372753317811408
hsa-mir-4697,0.05362082421420256
hsa-mir-4421,0.053492169965075664
hsa-mir-6767,0.05349197438882422
hsa-mir-6786,0.052660445867287534
hsa-mir-6742,0.052190495925494754
hsa-mir-5009,0.05217360768335274
hsa-mir-6813,0.052114785797438876
hsa-mir-4422,0.05195770430733412
hsa-mir-6853,0.051661642607683356
hsa-mir-1278,0.051437331781140856
hsa-mir-6743,0.05142674621653085
hsa-mir-4667,0.05113865890570431
hsa-mir-3617,0.05096856693830035
hsa-mir-6824,0.050278271245634464
hsa-mir-4710,0.049819931315483124
hsa-mir-6772,0.04977813504074505
hsa-mir-513a-1,0.04946405471478463
hsa-mir-4751,0.048940450523864955
hsa-mir-4678,0.04890742956926659
hsa-mir-6758,0.04885046449359721
hsa-mir-521-2,0.048823199068684514
hsa-mir-2278,0.04857655180442375
hsa-mir-4767,0.04806821303841676
hsa-mir-513a-2,0.04801788824214202
hsa-mir-4487,0.04793677415599534
hsa-mir-7703,0.04786311292200232
hsa-mir-6799,0.04778254365541327
hsa-mir-3622b,0.04744214318975554
hsa-mir-4716,0.047192556461001164
hsa-mir-523,0.04714845983701979
hsa-mir-7113,0.04678959371362049
hsa-mir-4770,0.04640056344586729
hsa-mir-4254,0.04620111292200233
hsa-mir-1908,0.045991358556461
hsa-mir-6784,0.0458543131548312
hsa-mir-6840,0.04568360419091967
hsa-mir-4659a,0.04567772176949941
hsa-mir-4734,0.045648803259604194
hsa-mir-1245b,0.04558122817229336
hsa-mir-7850,0.04527872875436554
hsa-mir-4670,0.044665456344586726
hsa-mir-5682,0.04461213038416764
hsa-mir-3132,0.044555779976717114
hsa-mir-1252,0.04446439697322468
hsa-mir-513b,0.04431800232828871
hsa-mir-7151,0.04427592665890571
hsa-mir-6729,0.044238352735739235
hsa-mir-524,0.04386633178114086
hsa-mir-3681,0.0438144039580908
hsa-mir-3650,0.04377831431897555
hsa-mir-1243,0.04363289173457509
hsa-mir-6809,0.04361778346915017
hsa-mir-3183,0.043368509895227
hsa-mir-6804,0.04331418044237485
hsa-mir-6856,0.04312346798603027
hsa-mir-4505,0.04304015948777648
hsa-mir-5188,0.04294859487776484
hsa-mir-3929,0.04286128637951107
hsa-mir-6871,0.04279322002328288
hsa-mir-6883,0.042596367869615834
hsa-mir-4794,0.042374901047729924
hsa-mir-5094,0.041935674039580914
hsa-mir-4731,0.04192068917345751
hsa-mir-1909,0.04181905122235158
hsa-mir-642b,0.041806812572759026
hsa-mir-548ba,0.041610721769499426
hsa-mir-6749,0.04160976367869615
hsa-mir-5087,0.04118325145518044
hsa-mir-4804,0.041106147846332944
hsa-mir-7109,0.04109910826542492
hsa-mir-4648,0.040983548311990685
hsa-mir-6775,0.040336466821885915
hsa-mir-519b,0.04008309778812573
hsa-mir-6796,0.0399211338766007
hsa-mir-611,0.03969093713620489
hsa-mir-1236,0.03941374039580908
hsa-mir-2117,0.03928178230500582
hsa-mir-7161,0.03881428405122235
hsa-mir-4651,0.03867637951105937
hsa-mir-1265,0.03849233061699651
hsa-mir-6763,0.038334724097788125
hsa-mir-3133,0.03827536786961583
hsa-mir-548at,0.03780209545983701
hsa-mir-3131,0.03778626426076833
hsa-mir-3146,0.03775192083818393
hsa-mir-3149,0.03651991967403958
hsa-mir-4684,0.03647267403958091
hsa-mir-4494,0.036430703143189754
hsa-mir-4713,0.03617402444703143
hsa-mir-3202-2,0.03610991501746216
hsa-mir-548al,0.036065924330617
hsa-mir-6769b,0.03590481373690337
hsa-mir-564,0.03581406519208382
hsa-mir-4511,0.03578128870779977
hsa-mir-5006,0.03564188358556461
hsa-mir-1285-1,0.035260918509895225
hsa-mir-6800,0.03518199417927823
hsa-mir-548a-3,0.035084629802095466
hsa-mir-3202-1,0.03501082421420256
hsa-mir-6776,0.03480723632130384
hsa-mir-4669,0.034520204889406284
hsa-mir-1539,0.034463852153667054
hsa-mir-1289-1,0.03436397788125727
hsa-mir-548ai,0.0342562374854482
hsa-mir-6849,0.03424609196740396
hsa-mir-4435-1,0.03404054831199069
hsa-mir-614,0.033952892898719444
hsa-mir-548x,0.03387026658905705
hsa-mir-572,0.0334641362048894
hsa-mir-3198-1,0.033406012805587894
hsa-mir-3164,0.03316461932479628
hsa-mir-3139,0.032917105937136204
hsa-mir-6838,0.03291456111757858
hsa-mir-1303,0.03288022351571595
hsa-mir-3945,0.032872100116414435
hsa-mir-6846,0.03254682537834691
hsa-mir-4752,0.03252957392316647
hsa-mir-6845,0.032499306169965075
hsa-mir-4435-2,0.0322896717112922
hsa-mir-6801,0.031753456344586733
hsa-mir-6721,0.0316245227008149
hsa-mir-7111,0.03133046332945285
hsa-mir-3688-1,0.031314
hsa-mir-4735,0.03119881257275902
hsa-mir-6829,0.031032970896391152
hsa-mir-3125,0.03087331199068685
hsa-mir-6886,0.030705590221187427
hsa-mir-938,0.030692831199068682
hsa-mir-2682,0.030578523864959253
hsa-mir-4748,0.030500594877764842
hsa-mir-6847,0.030312888242142032
hsa-mir-6866,0.030221940628637953
hsa-mir-6505,0.02998934807916182
hsa-mir-548n,0.029960433061699654
hsa-mir-371b,0.02995487892898719
hsa-mir-1286,0.029831047729918507
hsa-mir-4474,0.02943760186263097
hsa-mir-4747,0.029023162980209547
hsa-mir-6756,0.029006118742724102
hsa-mir-1273h,0.02857382887077998
hsa-mir-6817,0.028219204889406286
hsa-mir-1913,0.028050117578579746
hsa-mir-3175,0.027914740395809084
hsa-mir-371a,0.02785031082654249
hsa-mir-4457,0.027537523864959255
hsa-mir-1246,0.02731561816065192
hsa-mir-6732,0.02720718277066356
hsa-mir-6504,0.026975733410942962
hsa-mir-4750,0.026968228172293367
hsa-mir-4715,0.026762221187427243
hsa-mir-4641,0.026659599534342257
hsa-mir-5702,0.02655806868451688
hsa-mir-555,0.02644018742724098
hsa-mir-6794,0.026407335273573924
hsa-mir-4662b,0.026381293364377178
hsa-mir-6836,0.026318144353899887
hsa-mir-6789,0.026216643771827707
hsa-mir-3180-4,0.02605238416763679
hsa-mir-4425,0.025916417927823048
hsa-mir-3943,0.025890059371362052
hsa-mir-498,0.02551152619324796
hsa-mir-4703,0.02536165075669383
hsa-mir-4771-2,0.02525783934807916
hsa-mir-6873,0.024944627473806755
hsa-mir-3918,0.024706641443539
hsa-mir-6780a,0.024586352735739232
hsa-mir-3186,0.024364332945285214
hsa-mir-378i,0.024251616996507568
hsa-mir-4466,0.02405972875436554
hsa-mir-3612,0.023794031431897556
hsa-mir-3688-2,0.023627675203725263
hsa-mir-1912,0.023585245634458674
hsa-mir-5697,0.023529180442374852
hsa-mir-4673,0.02336946915017462
hsa-mir-5088,0.023275831199068682
hsa-mir-499b,0.023019102444703145
hsa-mir-4771-1,0.02299200582072177
hsa-mir-550b-1,0.022955088474970894
hsa-mir-4419b,0.022706337601862633
hsa-mir-3195,0.022663557625145516
hsa-mir-4489,0.02263202677532014
hsa-mir-544b,0.022569977881257277
hsa-mir-6787,0.022465483119906864
hsa-mir-6785,0.022090043073341094
hsa-mir-3151,0.0219522526193248
hsa-mir-4730,0.021661703143189756
hsa-mir-4720,0.021119878928987194
hsa-mir-5194,0.02108511641443539
hsa-mir-5681a,0.020559076833527354
hsa-mir-378f,0.020379732246798603
hsa-mir-4706,0.02037721536670547
hsa-mir-3128,0.020277318975552967
hsa-mir-1231,0.0201083434225844
hsa-mir-548ar,0.02006183352735739
hsa-mir-4682,0.019859002328288706
hsa-mir-1257,0.019829232828870776
hsa-mir-3692,0.019812990686845167
hsa-mir-6778,0.019752520372526196
hsa-mir-6862-2,0.01974471012805588
hsa-mir-3182,0.01947864842840512
hsa-mir-3606,0.019273237485448198
hsa-mir-7157,0.01917976600698487
hsa-mir-4695,0.018977578579743887
hsa-mir-4653,0.018726516880093132
hsa-mir-4792,0.01855481839348079
hsa-mir-6830,0.018404905704307334
hsa-mir-4744,0.01821428405122235
hsa-mir-3181,0.018193604190919675
hsa-mir-6753,0.01819352619324796
hsa-mir-198,0.018188849825378346
hsa-mir-6872,0.017929036088474973
hsa-mir-4512,0.01790405355064028
hsa-mir-662,0.01785995576251455
hsa-mir-6792,0.017796655413271245
hsa-mir-4430,0.01768872875436554
hsa-mir-3660,0.017424201396973225
hsa-mir-6771,0.017307230500582076
hsa-mir-622,0.017262152502910362
hsa-mir-621,0.017246626309662397
hsa-mir-3116-1,0.017140263096623982
hsa-mir-3661,0.017009536670547148
hsa-mir-888,0.016960533178114086
hsa-mir-6819,0.016885116414435387
hsa-mir-2467,0.016885077997671707
hsa-mir-5585,0.016819474970896392
hsa-mir-6862-1,0.016777222351571593
hsa-mir-4712,0.016476650756693828
hsa-mir-4778,0.0162975227008149
hsa-mir-5584,0.016258727590221185
hsa-mir-4420,0.016137025611175786
hsa-mir-6791,0.01609751105937136
hsa-mir-3116-2,0.016080233993015135
hsa-mir-3160-2,0.016057109429569262
hsa-mir-5093,0.01604830733410943
hsa-mir-4779,0.015991346915017458
hsa-mir-2681,0.015967125727590223
hsa-mir-519e,0.015958348079161813
hsa-mir-3165,0.01587447962747381
hsa-mir-1238,0.01583497671711292
hsa-mir-5589,0.015784171129220023
hsa-mir-4671,0.015722594877764843
hsa-mir-4679-2,0.015620449359720606
hsa-mir-6864,0.015596464493597206
hsa-mir-7106,0.015580956926658904
hsa-mir-3925,0.015451062863795113
hsa-mir-510,0.015411182770663565
hsa-mir-3148,0.015378939464493598
hsa-mir-6084,0.01527328870779977
hsa-mir-3937,0.015234144353899885
hsa-mir-5190,0.01520311641443539
hsa-mir-3658,0.015142706635622817
hsa-mir-6881,0.014989720605355066
hsa-mir-4427,0.014748012805587893
hsa-mir-6848,0.014709079161816067
hsa-mir-3659,0.014642813736903376
hsa-mir-1302-3,0.01463953434225844
hsa-mir-3159,0.014605352735739232
hsa-mir-670,0.014571300349243305
hsa-mir-3529,0.01449228405122235
hsa-mir-7851,0.014318474970896392
hsa-mir-6889,0.014297746216530849
hsa-mir-4679-1,0.01420240279394645
hsa-mir-4496,0.014175492433061699
hsa-mir-5189,0.01413636437718277
hsa-mir-5191,0.013958470314318974
hsa-mir-7973-1,0.013937594877764843
hsa-mir-548av,0.01388551920838184
hsa-mir-5196,0.013848563445867287
hsa-mir-6869,0.013831174621653085
hsa-mir-3914-1,0.013829915017462165
hsa-mir-6512,0.01377049592549476
hsa-mir-3160-1,0.013710249126891734
hsa-mir-6857,0.013685128055878928
hsa-mir-3656,0.013633433061699651
hsa-mir-4774,0.013420302677532015
hsa-mir-3914-2,0.013306217694994179
hsa-mir-4644,0.013257537834691501
hsa-mir-4426,0.013206399301513386
hsa-mir-4798,0.013201778812572758
hsa-mir-4480,0.013070443538998836
hsa-mir-550b-2,0.013051557625145517
hsa-mir-4711,0.012915386495925494
hsa-mir-5693,0.012711250291036088
hsa-mir-6816,0.012483996507566939
hsa-mir-7973-2,0.012374243306169964
hsa-mir-3916,0.012294870779976718
hsa-mir-4672,0.012277584400465658
hsa-mir-6893,0.011958011641443538
hsa-mir-4729,0.0119171338766007
hsa-mir-4708,0.011786741559953436
hsa-mir-4445,0.011709542491268916
hsa-mir-4692,0.011647151338766006
hsa-mir-4633,0.011636774155995342
hsa-mir-3120,0.011612372526193246
hsa-mir-4520-1,0.011472506402793948
hsa-mir-4799,0.011465827706635625
hsa-mir-6768,0.01143084749708964
hsa-mir-4520-2,0.011400303841676368
hsa-mir-4518,0.011330344586728755
hsa-mir-603,0.011313457508731084
hsa-mir-6823,0.011087448195576251
hsa-mir-4689,0.011081291036088476
hsa-mir-4760,0.010702235157159488
hsa-mir-1193,0.01064504772991851
hsa-mir-4498,0.010639224679860303
hsa-mir-4448,0.010597555296856812
hsa-mir-3121,0.010460649592549475
hsa-mir-7848,0.0103208963911525
hsa-mir-6867,0.010319393480791618
hsa-mir-4478,0.010255615832363212
hsa-mir-875,0.010253995343422586
hsa-mir-4284,0.010219207217694995
hsa-mir-4761,0.009935607683352736
hsa-mir-892b,0.009899034924330617
hsa-mir-6890,0.0098860151338766
hsa-mir-3135a,0.009802508731082656
hsa-mir-3657,0.009476433061699652
hsa-mir-933,0.009415357392316647
hsa-mir-5004,0.00935374970896391
hsa-mir-1267,0.009298738067520372
hsa-mir-8085,0.009258182770663563
hsa-mir-4694,0.009216678696158323
hsa-mir-4722,0.009199885913853317
hsa-mir-3921,0.009197022118742723
hsa-mir-4465,0.009143806752037253
hsa-mir-3162,0.009115797438882422
hsa-mir-4783,0.00910643888242142
hsa-mir-7108,0.009080939464493598
hsa-mir-5572,0.009076826542491269
hsa-mir-6865,0.009071281722933644
hsa-mir-4452,0.009050362048894063
hsa-mir-4643,0.00893854365541327
hsa-mir-4488,0.00890295227008149
hsa-mir-3197,0.00887787194412107
hsa-mir-4769,0.008873105937136205
hsa-mir-6790,0.008860059371362049
hsa-mir-892c,0.008736996507566938
hsa-mir-3907,0.008683573923166474
hsa-mir-448,0.008659399301513389
hsa-mir-208a,0.008479250291036088
hsa-mir-548aq,0.00838840279394645
hsa-mir-4776-1,0.008376284051222352
hsa-mir-3646,0.008338837019790456
hsa-mir-3591,0.008320080325960419
hsa-mir-2113,0.008302497089639116
hsa-mir-7843,0.008192474970896391
hsa-mir-302a,0.008187880093131547
hsa-mir-4437,0.00816616996507567
hsa-mir-3685,0.008085784633294527
hsa-mir-5100,0.008046727590221188
hsa-mir-5047,0.008035429569266589
hsa-mir-5689,0.007916874272409778
hsa-mir-1264,0.00791062048894063
hsa-mir-548ah,0.007810637951105936
hsa-mir-5692a-1,0.007769250291036089
hsa-mir-6500,0.007719884749708963
hsa-mir-4721,0.00767308032596042
hsa-mir-3196,0.007635743888242142
hsa-mir-3163,0.00756845052386496
hsa-mir-4510,0.007531179278230499
hsa-mir-1199,0.007505230500582073
hsa-mir-4539,0.00750070430733411
hsa-mir-596,0.007204632130384168
hsa-mir-518d,0.007093199068684516
hsa-mir-5587,0.007064935972060536
hsa-mir-4688,0.007062672875436555
hsa-mir-4507,0.007035264260768335
hsa-mir-4686,0.007029924330616996
hsa-mir-8077,0.0069931641443539
hsa-mir-4659b,0.006980100116414435
hsa-mir-922,0.0069694190919674034
hsa-mir-4464,0.00687848661233993
hsa-mir-6770-2,0.0068456414435389985
hsa-mir-6835,0.0068193993015133875
hsa-mir-4764,0.006817623981373691
hsa-mir-7849,0.006784179278230501
hsa-mir-3171,0.006762874272409778
hsa-mir-6831,0.006699012805587894
hsa-mir-3663,0.006533678696158323
hsa-mir-6745,0.006512372526193248
hsa-mir-4776-2,0.0064231327124563455
hsa-mir-6073,0.006316551804423749
hsa-mir-5707,0.006125083818393481
hsa-mir-4634,0.006083495925494762
hsa-mir-548ab,0.006070775320139697
hsa-mir-3155b,0.006020970896391153
hsa-mir-630,0.0059879208381839345
hsa-mir-7977,0.005965887077997672
hsa-mir-4704,0.005946350407450524
hsa-mir-6080,0.005923860302677532
hsa-mir-4471,0.005911537834691501
hsa-mir-4635,0.005895350407450524
hsa-mir-4502,0.005849548311990687
hsa-mir-4516,0.005837399301513388
hsa-mir-4532,0.005745676367869617
hsa-mir-3184,0.005726298020954599
hsa-mir-5692a-2,0.005700079161816065
hsa-mir-6876,0.005696505238649592
hsa-mir-3689f,0.005641360884749709
hsa-mir-4642,0.005600641443538998
hsa-mir-3938,0.005587542491268918
hsa-mir-4637,0.005565002328288707
hsa-mir-548ax,0.0055365273573923166
hsa-mir-617,0.005381373690337602
hsa-mir-4537,0.005338086146682189
hsa-mir-6752,0.00532318509895227
hsa-mir-4460,0.005171183934807916
hsa-mir-302b,0.005061237485448195
hsa-mir-4504,0.005054742724097789
hsa-mir-4310,0.004962430733410944
hsa-mir-3153,0.004941690337601863
hsa-mir-6861,0.00492588940628638
hsa-mir-3675,0.004883941792782304
hsa-mir-4538,0.004850066356228172
hsa-mir-5705,0.004838550640279395
hsa-mir-4803,0.004802260768335273
hsa-mir-602,0.004748918509895227
hsa-mir-4315-2,0.0047457694994179275
hsa-mir-4429,0.004584591385331781
hsa-mir-526a-2,0.004554420256111758
hsa-mir-4737,0.004496094295692666
hsa-mir-4513,0.004495724097788125
hsa-mir-3935,0.004454880093131548
hsa-mir-4476,0.00437327473806752
hsa-mir-1825,0.004262887077997672
hsa-mir-3689a,0.00418639115250291
hsa-mir-4528,0.0041071792782305
hsa-mir-6077,0.003990880093131548
hsa-mir-7978,0.003989601862630966
hsa-mir-1289-2,0.003988898719441211
hsa-mir-6076,0.003982764842840512
hsa-mir-7853,0.003905754365541327
hsa-mir-718,0.0038422270081490107
hsa-mir-610,0.003815694994179278
hsa-mir-609,0.0037449767171129217
hsa-mir-4698,0.003711488940628638
hsa-mir-1178,0.003695570430733411
hsa-mir-5692c-1,0.003693204889406286
hsa-mir-7160,0.0036901850989522703
hsa-mir-4436b-1,0.0036669895227008143
hsa-mir-4656,0.003664537834691502
hsa-mir-6770-1,0.0036627206053550633
hsa-mir-4436b-2,0.0036245192083818397
hsa-mir-3168,0.0035867031431897557
hsa-mir-936,0.003492228172293365
hsa-mir-4467,0.0034809359720605355
hsa-mir-4315-1,0.0034364190919674038
hsa-mir-567,0.0034351117578579745
hsa-mir-378g,0.003434578579743888
hsa-mir-4530,0.0033748742724097787
hsa-mir-6828,0.0033720919674039575
hsa-mir-606,0.003345774155995343
hsa-mir-4458,0.003321125727590221
hsa-mir-3915,0.003320612339930151
hsa-mir-1244-1,0.0032418894062863795
hsa-mir-3169,0.0032417299185098954
hsa-mir-1273c,0.003241239813736903
hsa-mir-6765,0.0031749813736903377
hsa-mir-3180-2,0.0031527217694994184
hsa-mir-941-1,0.0031037729918509897
hsa-mir-6770-3,0.0030285681024447026
hsa-mir-1322,0.0029627636786961585
hsa-mir-5195,0.0029429417927823048
hsa-mir-4719,0.0029265098952270083
hsa-mir-548f-4,0.002921724097788126
hsa-mir-4320,0.002916984866123399
hsa-mir-1281,0.0028206088474970895
hsa-mir-378b,0.002816837019790454
hsa-mir-5688,0.0028034132712456347
hsa-mir-650,0.0028032363213038414
hsa-mir-4322,0.002798105937136205
hsa-mir-2861,0.00278758207217695
hsa-mir-638,0.0027710791618160654
hsa-mir-3141,0.0027608568102444704
hsa-mir-647,0.002753351571594878
hsa-mir-3142,0.0027125285215366703
hsa-mir-548x-2,0.0027084412107101284
hsa-mir-635,0.0026902887077997675
hsa-mir-526a-1,0.002644755529685681
hsa-mir-4650-1,0.002608487776484284
hsa-mir-5011,0.0025655413271245633
hsa-mir-5591,0.0025027171129220027
hsa-mir-3167,0.0024717625145518046
hsa-mir-8079,0.002374259604190919
hsa-mir-631,0.0023306367869615837
hsa-mir-7704,0.0022688789289871942
hsa-mir-586,0.0022672339930151337
hsa-mir-5590,0.0022614167636786963
hsa-mir-4279,0.002261154831199069
hsa-mir-4765,0.002250823050058207
hsa-mir-4693,0.0021907392316647266
hsa-mir-4696,0.0021822200232828872
hsa-mir-3621,0.0021601653084982538
hsa-mir-8059,0.0021451769499417927
hsa-mir-645,0.0021416076833527357
hsa-mir-6759,0.0021092223515715948
hsa-mir-4655,0.002042016298020955
hsa-mir-7852,0.002040848661233993
hsa-mir-1244-2,0.001992557625145518
hsa-mir-5692c-2,0.0019833550640279396
hsa-mir-554,0.0019720139697322467
hsa-mir-7855,0.001953430733410943
hsa-mir-4506,0.0019498020954598371
hsa-mir-3122,0.0019480314318975553
hsa-mir-548ag-1,0.0019316821885913852
hsa-mir-4450,0.0019249662398137368
hsa-mir-1260a,0.001924770663562282
hsa-mir-4428,0.0019187403958090801
hsa-mir-7847,0.0019167636786961584
hsa-mir-6129,0.0018900733410942955
hsa-mir-1204,0.001888419091967404
hsa-mir-593,0.0018531676367869617
hsa-mir-4650-2,0.0018386379511059372
hsa-mir-6863,0.0018215820721769497
hsa-mir-6088,0.001812742724097788
hsa-mir-1290,0.0017788020954598372
hsa-mir-1207,0.0017752642607683354
hsa-mir-623,0.0017588649592549476
hsa-mir-4439,0.0016884505238649594
hsa-mir-4666b,0.0016365052386495926
hsa-mir-302d,0.0016155506402793945
hsa-mir-5192,0.0015992945285215367
hsa-mir-1253,0.0015426880093131548
hsa-mir-3689e,0.0015302142025611176
hsa-mir-5583-2,0.00152902095459837
hsa-mir-548ak,0.001471718277066356
hsa-mir-548am,0.0014567834691501746
hsa-mir-302c,0.0013743597206053552
hsa-mir-4681,0.0013658661233993015
hsa-mir-3683,0.001355477299185099
hsa-mir-4258,0.0013330547147846331
hsa-mir-378j,0.0013326111757857976
hsa-mir-8071-1,0.0013020244470314318
hsa-mir-548ac,0.0012489767171129222
hsa-mir-3672,0.0012403201396973223
hsa-mir-4527,0.0012390535506402794
hsa-mir-298,0.0012004994179278233
hsa-mir-3180-1,0.0011870768335273574
hsa-mir-548u,0.0011765960419091968
hsa-mir-378h,0.0011664377182770663
hsa-mir-4441,0.0011395890570430733
hsa-mir-8055,0.0011311525029103608
hsa-mir-6079,0.0011311525029103608
hsa-mir-661,0.001130707799767171
hsa-mir-8066,0.001107454016298021
hsa-mir-762,0.001072270081490105
hsa-mir-3960,0.0010536449359720606
hsa-mir-644a,0.001048676367869616
hsa-mir-3147,0.001032279394644936
hsa-mir-4663,0.001027117578579744
hsa-mir-7856,0.0010063981373690338
hsa-mir-4534,0.0009907823050058207
hsa-mir-1469,0.0009906658905704307
hsa-mir-1184-1,0.0009582386495925495
hsa-mir-640,0.0009450256111757858
hsa-mir-4718,0.0009363306169965076
hsa-mir-4259,0.0009137415599534342
hsa-mir-548w,0.0008906414435389988
hsa-mir-6719,0.0008575925494761351
hsa-mir-3201,0.000848209545983702
hsa-mir-3180-5,0.0008436426076833528
hsa-mir-548a-1,0.0008436426076833528
hsa-mir-1272,0.0008298952270081489
hsa-mir-6081,0.0008230372526193249
hsa-mir-4432,0.0008025308498253782
hsa-mir-548ad,0.0008005809080325961
hsa-mir-3668,0.0007742002328288708
hsa-mir-451b,0.0007581059371362049
hsa-mir-1261,0.0007496682188591386
hsa-mir-5704,0.0007367229336437719
hsa-mir-8069-1,0.0007217951105937136
hsa-mir-548as,0.0007122223515715948
hsa-mir-3119-2,0.0007054610011641443
hsa-mir-890,0.0006976891734575088
hsa-mir-8076,0.000693500582072177
hsa-mir-7107,0.0006890768335273574
hsa-mir-4304,0.0006833236321303842
hsa-mir-1972-2,0.0006598288707799767
hsa-mir-1282,0.0006383608847497089
hsa-mir-657,0.0006274493597206055
hsa-mir-3185,0.0006213969732246799
hsa-mir-4438,0.0006151199068684517
hsa-mir-4265,0.0006132235157159488
hsa-mir-1244-4,0.0005966321303841677
hsa-mir-4312,0.0005944016298020955
hsa-mir-4468,0.0005918102444703142
hsa-mir-663a,0.0005864726426076833
hsa-mir-325,0.0005729685681024447
hsa-mir-548ap,0.0005445087310826542
hsa-mir-1182,0.000533988358556461
hsa-mir-6859-4,0.0005272922002328289
hsa-mir-1972-1,0.0005253981373690337
hsa-mir-548p,0.0005208579743888242
hsa-mir-3674,0.000512965075669383
hsa-mir-587,0.0005106123399301513
hsa-mir-4531,0.00047933643771827706
hsa-mir-147a,0.00047933643771827706
hsa-mir-8086,0.0004620477299185099
hsa-mir-548an,0.0004564318975552969
hsa-mir-548bb,0.0004514342258440047
hsa-mir-583,0.0004401688009313155
hsa-mir-548a-2,0.00043805587892898723
hsa-mir-4417,0.000415930151338766
hsa-mir-5186,0.00040611175785797436
hsa-mir-601,0.00040553783469150177
hsa-mir-5095,0.00040457508731082655
hsa-mir-3689b,0.00039987660069848663
hsa-mir-5583-1,0.0003868218859138533
hsa-mir-571,0.0003699848661233993
hsa-mir-4503,0.00036299185098952267
hsa-mir-548aj-1,0.00034737136204889403
hsa-mir-548h-5,0.00034737136204889403
hsa-mir-5007,0.0003437171129220023
hsa-mir-3978,0.0003312863795110594
hsa-mir-378e,0.0003215948777648428
hsa-mir-4321,0.0003215948777648428
hsa-mir-3180-3,0.0003177613504074505
hsa-mir-637,0.00031273457508731084
hsa-mir-3119-1,0.0002958905704307334
hsa-mir-4296,0.0002950023282887078
hsa-mir-4436a,0.00028765541327124567
hsa-mir-1233-2,0.000270557625145518
hsa-mir-4278,0.0002665320139697322
hsa-mir-4497,0.000244291036088475
hsa-mir-663b,0.0002398521536670547
hsa-mir-422a,0.00023292898719441213
hsa-mir-553,0.00022581722933643774
hsa-mir-2909,0.00022581722933643774
hsa-mir-604,0.00020974039580908032
hsa-mir-4263,0.00020974039580908032
hsa-mir-548f-5,0.00020624679860302677
hsa-mir-4485,0.00019526542491268918
hsa-mir-5197,0.00018414668218859136
hsa-mir-3689c,0.00018145168800931316
hsa-mir-8073,0.00018064959254947616
hsa-mir-6760,0.00017262630966239815
hsa-mir-4314,0.0001547124563445867
hsa-mir-5700,0.0001498032596041909
hsa-mir-1184-3,0.00014972176949941792
hsa-mir-4418,0.00014964260768335274
hsa-mir-1299,0.00013248544819557625
hsa-mir-761,0.00012189639115250291
hsa-mir-6070,0.00011835157159487777
hsa-mir-626,0.00011270547147846333
hsa-mir-1206,0.00011270547147846333
hsa-mir-4292,0.00010421071012805588
hsa-mir-613,8.928987194412108e-05
hsa-mir-1203,5.5940628637951105e-05
hsa-mir-1202,0.0
hsa-mir-3118-4,0.0
hsa-mir-1205,0.0
hsa-mir-3118-3,0.0
hsa-mir-302f,0.0
hsa-mir-3118-2,0.0
hsa-mir-1208,0.0
hsa-mir-3118-1,0.0
hsa-mir-302e,0.0
hsa-mir-548i-1,0.0
hsa-mir-3135b,0.0
hsa-mir-3134,0.0
hsa-mir-3123,0.0
hsa-mir-5701-1,0.0
hsa-mir-5701-2,0.0
hsa-mir-5701-3,0.0
hsa-mir-4456,0.0
hsa-mir-4459,0.0
hsa-mir-4462,0.0
hsa-mir-4463,0.0
hsa-mir-4447,0.0
hsa-mir-6841,0.0
hsa-mir-558,0.0
hsa-mir-562,0.0
hsa-mir-563,0.0
hsa-mir-566,0.0
hsa-mir-568,0.0
hsa-mir-557,0.0
hsa-mir-548i-2,0.0
hsa-mir-4499,0.0
hsa-mir-4495,0.0
hsa-mir-4493,0.0
hsa-mir-4490,0.0
hsa-mir-4486,0.0
hsa-mir-548z,0.0
hsa-mir-548m,0.0
hsa-mir-4472-1,0.0
hsa-mir-6859-2,0.0
hsa-mir-6859-1,0.0
hsa-mir-4483,0.0
hsa-mir-4481,0.0
hsa-mir-4477b,0.0
hsa-mir-4477a,0.0
hsa-mir-4475,0.0
hsa-mir-4472-2,0.0
hsa-mir-6859-3,0.0
hsa-mir-8088,0.0
hsa-mir-8087,0.0
hsa-mir-8084,0.0
hsa-mir-8083,0.0
hsa-mir-1184-2,0.0
hsa-mir-8068,0.0
hsa-mir-8067,0.0
hsa-mir-8065,0.0
hsa-mir-8064,0.0
hsa-mir-548g,0.0
hsa-mir-8062,0.0
hsa-mir-8061,0.0
hsa-mir-8060,0.0
hsa-mir-8058,0.0
hsa-mir-8057,0.0
hsa-mir-8056,0.0
hsa-mir-8054,0.0
hsa-mir-8053,0.0
hsa-mir-8052,0.0
hsa-mir-7975,0.0
hsa-mir-8063,0.0
hsa-mir-634,0.0
hsa-mir-633,0.0
hsa-mir-924,0.0
hsa-mir-921,0.0
hsa-mir-920,0.0
hsa-mir-2053,0.0
hsa-mir-2052,0.0
hsa-mir-1827,0.0
hsa-mir-1587,0.0
hsa-mir-9500,0.0
hsa-mir-8485,0.0
hsa-mir-8089,0.0
hsa-mir-103b-1,0.0
hsa-mir-941-2,0.0
hsa-mir-1268b,0.0
hsa-mir-1268a,0.0
hsa-mir-941-3,0.0
hsa-mir-941-4,0.0
hsa-mir-1263,0.0
hsa-mir-941-5,0.0
hsa-mir-1973,0.0
hsa-mir-1200,0.0
hsa-mir-548h-4,0.0
hsa-mir-548h-3,0.0
hsa-mir-548h-2,0.0
hsa-mir-548h-1,0.0
hsa-mir-5692b,0.0
hsa-mir-548f-3,0.0
hsa-mir-548f-2,0.0
hsa-mir-548c,0.0
hsa-mir-5096,0.0
hsa-mir-297,0.0
hsa-mir-2392,0.0
hsa-mir-711,0.0
hsa-mir-4509-3,0.0
hsa-mir-4509-2,0.0
hsa-mir-4509-1,0.0
hsa-mir-4508,0.0
hsa-mir-4500,0.0
hsa-mir-548i-4,0.0
hsa-mir-548i-3,0.0
hsa-mir-300,0.0
hsa-mir-4540,0.0
hsa-mir-548aj-2,0.0
hsa-mir-548ae-2,0.0
hsa-mir-548ae-1,0.0
hsa-mir-548aa-2,0.0
hsa-mir-548aa-1,0.0
hsa-mir-1244-3,0.0
hsa-mir-1233-1,0.0
hsa-mir-2054,0.0
hsa-mir-764,0.0
hsa-mir-7150,0.0
hsa-mir-4535,0.0
hsa-mir-4524b,0.0
hsa-mir-759,0.0
hsa-mir-7515,0.0
hsa-mir-1255b-2,0.0
hsa-mir-1255b-1,0.0
hsa-mir-7162,0.0
hsa-mir-7159,0.0
hsa-mir-7154,0.0
hsa-mir-7153,0.0
hsa-mir-4514,0.0
hsa-mir-4281,0.0
hsa-mir-4280,0.0
hsa-mir-4277,0.0
hsa-mir-4276,0.0
hsa-mir-4275,0.0
hsa-mir-4274,0.0
hsa-mir-4273,0.0
hsa-mir-4272,0.0
hsa-mir-4271,0.0
hsa-mir-3648-1,0.0
hsa-mir-4269,0.0
hsa-mir-4268,0.0
hsa-mir-6511a-4,0.0
hsa-mir-6511a-3,0.0
hsa-mir-6511a-2,0.0
hsa-mir-6511a-1,0.0
hsa-mir-1273g,0.0
hsa-mir-1273f,0.0
hsa-mir-1273e,0.0
hsa-mir-1273d,0.0
hsa-mir-4270,0.0
hsa-mir-4264,0.0
hsa-mir-4262,0.0
hsa-mir-4261,0.0
hsa-mir-4260,0.0
hsa-mir-4257,0.0
hsa-mir-4256,0.0
hsa-mir-4255,0.0
hsa-mir-4253,0.0
hsa-mir-4252,0.0
hsa-mir-6722,0.0
hsa-mir-4282,0.0
hsa-mir-619,0.0
hsa-mir-6165,0.0
hsa-mir-6134,0.0
hsa-mir-6133,0.0
hsa-mir-6131,0.0
hsa-mir-6130,0.0
hsa-mir-6128,0.0
hsa-mir-6127,0.0
hsa-mir-6126,0.0
hsa-mir-4283-1,0.0
hsa-mir-620,0.0
hsa-mir-4300,0.0
hsa-mir-4299,0.0
hsa-mir-648,0.0
hsa-mir-646,0.0
hsa-mir-8080,0.0
hsa-mir-8078,0.0
hsa-mir-8075,0.0
hsa-mir-8074,0.0
hsa-mir-1302-11,0.0
hsa-mir-1273a,0.0
hsa-mir-1302-1,0.0
hsa-mir-1297,0.0
hsa-mir-4801,0.0
hsa-mir-8071-2,0.0
hsa-mir-8070,0.0
hsa-mir-8069-2,0.0
hsa-mir-1183,0.0
hsa-mir-103b-2,0.0
hsa-mir-8081,0.0
hsa-mir-8082,0.0
hsa-mir-1302-10,0.0
hsa-mir-4298,0.0
hsa-mir-4297,0.0
hsa-mir-4295,0.0
hsa-mir-4294,0.0
hsa-mir-4293,0.0
hsa-mir-4291,0.0
hsa-mir-4290,0.0
hsa-mir-4289,0.0
hsa-mir-4288,0.0
hsa-mir-4287,0.0
hsa-mir-4301,0.0
hsa-mir-4283-2,0.0
hsa-mir-649,0.0
hsa-mir-4313,0.0
hsa-mir-4311,0.0
hsa-mir-4309,0.0
hsa-mir-4308,0.0
hsa-mir-4307,0.0
hsa-mir-4305,0.0
hsa-mir-4303,0.0
hsa-mir-4302,0.0
hsa-mir-4285,0.0
hsa-mir-575,0.0
hsa-mir-3671,0.0
hsa-mir-3670-4,0.0
hsa-mir-3670-3,0.0
hsa-mir-3670-2,0.0
hsa-mir-3670-1,0.0
hsa-mir-367,0.0
hsa-mir-6075,0.0
hsa-mir-6074,0.0
hsa-mir-4266,0.0
hsa-mir-6071,0.0
hsa-mir-6069,0.0
hsa-mir-6068,0.0
hsa-mir-595,0.0
hsa-mir-3689d-2,0.0
hsa-mir-3689d-1,0.0
hsa-mir-3687-2,0.0
hsa-mir-3687-1,0.0
hsa-mir-3686,0.0
hsa-mir-3714,0.0
hsa-mir-6072,0.0
hsa-mir-569,0.0
hsa-mir-4455,0.0
hsa-mir-3179-4,0.0
hsa-mir-3179-3,0.0
hsa-mir-3179-2,0.0
hsa-mir-3179-1,0.0
hsa-mir-1324,0.0
hsa-mir-5739,0.0
hsa-mir-1285-2,0.0
hsa-mir-4440,0.0
hsa-mir-5787,0.0
hsa-mir-1471,0.0
hsa-mir-1470,0.0
hsa-mir-3649,0.0
hsa-mir-3648-2,0.0
hsa-mir-3666,0.0
hsa-mir-3665,0.0
hsa-mir-591,0.0
hsa-mir-4419a,0.0
hsa-mir-4330,0.0
hsa-mir-4329,0.0
hsa-mir-1279,0.0
hsa-mir-4328,0.0
hsa-mir-4327,0.0
hsa-mir-4325,0.0
hsa-mir-4324,0.0
hsa-mir-4323,0.0
hsa-mir-4319,0.0
hsa-mir-4318,0.0
hsa-mir-4317,0.0
hsa-mir-4316,0.0
hsa-mir-4251,0.0
hsa-mir-3713,0.0
hsa-mir-3976,0.0
hsa-mir-3975,0.0
hsa-mir-3974,0.0
hsa-mir-3973,0.0
hsa-mir-3972,0.0
hsa-mir-6724-4,0.0
hsa-mir-6724-3,0.0
hsa-mir-6724-2,0.0
hsa-mir-6724-1,0.0
hsa-mir-4267,0.0
hsa-mir-3977,0.0
hsa-mir-3690-2,0.0
hsa-mir-1321,0.0
hsa-mir-1302-9,0.0
hsa-mir-1302-8,0.0
hsa-mir-1302-7,0.0
hsa-mir-1302-6,0.0
hsa-mir-1302-5,0.0
hsa-mir-1302-4,0.0
hsa-mir-1302-2,0.0
hsa-mir-3908,0.0
hsa-mir-6124,0.0
hsa-mir-6089-2,0.0
hsa-mir-6089-1,0.0
hsa-mir-6086,0.0
hsa-mir-6085,0.0
hsa-mir-6083,0.0
hsa-mir-6082,0.0
hsa-mir-608,0.0
hsa-mir-6078,0.0
hsa-mir-384,0.0
hsa-mir-3924,0.0
hsa-mir-6090,0.0
